Date,Open,High,Low,Close,Volume,returns,log_returns
2014-01-03,6194.5498046875,6221.7001953125,6171.25,6211.14990234375,139000,-0.001607419875260141,-0.001608713160675422
2014-01-06,6220.85009765625,6224.7001953125,6170.25,6191.4501953125,118300,-0.0031716682644893357,-0.0031767086647526764
2014-01-07,6203.89990234375,6221.5,6144.75,6162.25,138600,-0.00471621258208732,-0.004727369003838941
2014-01-08,6178.0498046875,6192.10009765625,6160.35009765625,6174.60009765625,146900,0.0020041539464075164,0.0020021483091771735
2014-01-09,6181.7001953125,6188.0498046875,6148.25,6168.35009765625,150100,-0.0010122113013233403,-0.0010127239331396106
2014-01-10,6178.85009765625,6239.10009765625,6139.60009765625,6171.4501953125,159900,0.0005025813397698808,0.0005024550880677336
2014-01-13,6189.5498046875,6288.2001953125,6189.5498046875,6272.75,135000,0.01641426269054902,0.01628100492203701
2014-01-14,6260.25,6280.35009765625,6234.14990234375,6241.85009765625,110200,-0.004926053540113995,-0.004938226534857065
2014-01-15,6265.9501953125,6325.2001953125,6265.2998046875,6320.89990234375,145900,0.012664483037998941,0.012584959187806487
2014-01-16,6341.35009765625,6346.5,6299.85009765625,6318.89990234375,153400,-0.0003164106426141178,-0.0003164607110232277
2014-01-17,6306.25,6327.10009765625,6246.35009765625,6261.64990234375,167700,-0.00906012136365153,-0.009101413862469748
2014-01-20,6261.75,6307.4501953125,6243.35009765625,6303.9501953125,122100,0.006755454812783057,0.006732738974413205
2014-01-21,6320.14990234375,6330.2998046875,6297.89990234375,6313.7998046875,141700,0.0015624503794975375,0.00156123102385989
2014-01-22,6309.0498046875,6349.9501953125,6287.4501953125,6338.9501953125,137500,0.003983400076500443,0.0039754873445066955
2014-01-23,6325.9501953125,6355.60009765625,6316.39990234375,6345.64990234375,120100,0.0010569111327305425,0.0010563529953923905
2014-01-24,6301.64990234375,6331.4501953125,6263.89990234375,6266.75,160300,-0.012433699236166218,-0.012511644446641086
2014-01-27,6186.2998046875,6188.5498046875,6130.25,6135.85009765625,190400,-0.020888004522878645,-0.02110924516297498
2014-01-28,6131.85009765625,6163.60009765625,6085.9501953125,6126.25,184100,-0.0015645912959830754,-0.0015658165471230908
2014-01-29,6161.0,6170.4501953125,6109.7998046875,6120.25,146700,-0.0009793919608243051,-0.0009798718785080376
2014-01-30,6067.0,6082.85009765625,6027.25,6073.7001953125,208100,-0.00760586653935702,-0.007634938648466337
2014-01-31,6082.75,6097.85009765625,6067.35009765625,6089.5,146700,0.0026013474783779245,0.002597969830382306
2014-02-03,6058.7998046875,6074.85009765625,5994.4501953125,6001.7998046875,134900,-0.014401871305115388,-0.014506584850296355
2014-02-04,5947.60009765625,6017.7998046875,5933.2998046875,6000.89990234375,183300,-0.0001499387472150282,-0.00014994998915273514
2014-02-05,6004.25,6028.0498046875,5962.0498046875,6022.39990234375,166600,0.003582795972251196,0.0035763930477856866
2014-02-06,6028.35009765625,6048.35009765625,5965.39990234375,6036.2998046875,185500,0.0023080337687870767,0.0023053743500808565
2014-02-07,6077.64990234375,6079.9501953125,6030.89990234375,6063.2001953125,181900,0.00445643713788213,0.004446536625011425
2014-02-10,6072.7998046875,6083.0498046875,6046.39990234375,6053.4501953125,133100,-0.0016080616977710571,-0.0016093560167322405
2014-02-11,6072.4501953125,6081.85009765625,6053.25,6062.7001953125,150500,0.0015280542007536368,0.0015268879138819519
2014-02-12,6085.35009765625,6106.60009765625,6077.39990234375,6084.0,138500,0.0035132538310187478,0.003507096771439477
2014-02-13,6087.5498046875,6094.39990234375,5991.10009765625,6001.10009765625,153700,-0.013625887959196281,-0.013719572366101803
2014-02-14,6023.75,6056.39990234375,5984.60009765625,6048.35009765625,140200,0.007873556386512215,0.007842721688164616
2014-02-18,6071.2998046875,6141.7001953125,6066.7998046875,6127.10009765625,126600,0.013020079646268501,0.012936047030872241
2014-02-19,6132.0498046875,6160.35009765625,6125.75,6152.75,95200,0.004186303787261814,0.004177565596221632
2014-02-20,6127.14990234375,6129.10009765625,6086.4501953125,6091.4501953125,132100,-0.009962992919832603,-0.010012955663091487
2014-02-21,6108.2998046875,6159.64990234375,6108.0,6155.4501953125,112600,0.01050652930713425,0.010451719302448996
2014-02-24,6140.9501953125,6191.85009765625,6130.7998046875,6186.10009765625,144900,0.00497931123983264,0.004966955468135648
2014-02-25,6205.7001953125,6216.85009765625,6176.60009765625,6200.0498046875,146300,0.0022550082945691496,0.002252469579198007
2014-02-26,6202.4501953125,6245.9501953125,6202.10009765625,6238.7998046875,181700,0.006249949794065124,0.006230499856538058
2014-02-28,6228.4501953125,6282.7001953125,6228.10009765625,6276.9501953125,180600,0.006115020808383109,0.00609639994140803
2014-03-03,6264.35009765625,6277.75,6212.25,6221.4501953125,144600,-0.008841873564879643,-0.008881194883291635
2014-03-04,6216.75,6302.14990234375,6215.7001953125,6297.9501953125,166800,0.01229616851351456,0.012221184683582093
2014-03-05,6328.4501953125,6336.25,6287.7998046875,6328.64990234375,160300,0.004874555383765911,0.0048627132066446956
2014-03-06,6344.75,6406.60009765625,6339.7001953125,6401.14990234375,180700,0.011455839889823904,0.011390718629937804
2014-03-07,6413.9501953125,6537.7998046875,6413.5498046875,6526.64990234375,284900,0.019605852372563293,0.01941613337444026
2014-03-10,6491.7001953125,6562.2001953125,6487.35009765625,6537.25,242100,0.001624125365211171,0.0016228078999031938
2014-03-11,6537.35009765625,6562.85009765625,6494.25,6511.89990234375,239000,-0.003877792291292259,-0.0038853304216658053
2014-03-12,6497.5,6546.14990234375,6487.2998046875,6516.89990234375,175000,0.000767825070253414,0.0007675304433891083
2014-03-13,6491.75,6561.4501953125,6476.64990234375,6493.10009765625,167900,-0.0036520132339212807,-0.0036586981147299726
2014-03-14,6447.25,6518.4501953125,6432.7001953125,6504.2001953125,177300,0.0017095220294318647,0.00170806245985478
2014-03-18,6532.4501953125,6574.9501953125,6497.64990234375,6516.64990234375,179300,0.0019141026809448292,0.0019122731206803513
2014-03-19,6530.0,6541.2001953125,6506.0,6524.0498046875,172500,0.0011355378077144707,0.0011348935723144095
2014-03-20,6508.35009765625,6523.64990234375,6473.25,6483.10009765625,142000,-0.00627673121100758,-0.006296512707220438
2014-03-21,6515.2001953125,6522.89990234375,6485.7001953125,6493.2001953125,189900,0.0015579117249633345,0.001556699439417862
2014-03-24,6510.5,6591.5,6510.5,6583.5,158400,0.013906825905766418,0.013811013280164102
2014-03-25,6550.10009765625,6595.5498046875,6544.85009765625,6589.75,168100,0.0009493430546061443,0.0009488927134847534
2014-03-26,6615.64990234375,6627.4501953125,6580.60009765625,6601.39990234375,186600,0.0017678822935240923,0.0017663214289679917
2014-03-27,6613.10009765625,6673.9501953125,6599.5,6641.75,312400,0.0061123546903929515,0.006093750024184339
2014-03-28,6673.0498046875,6702.60009765625,6643.7998046875,6695.89990234375,184800,0.00815295702845642,0.00811990122114581
2014-03-31,6723.14990234375,6730.0498046875,6662.39990234375,6704.2001953125,220600,0.001239608281157878,0.0012388406011620149
2014-04-01,6729.5,6732.25,6675.4501953125,6721.0498046875,177800,0.0025132915014651758,0.0025101384662722147
2014-04-02,6757.60009765625,6763.5,6723.60009765625,6752.5498046875,173300,0.004686767828744776,0.004675819128421151
2014-04-03,6772.0498046875,6776.75,6696.89990234375,6736.10009765625,197500,-0.0024360734103480164,-0.0024390454649215365
2014-04-04,6741.85009765625,6741.85009765625,6685.14990234375,6694.35009765625,155100,-0.0061979482778954376,-0.006217235293906131
2014-04-07,6694.25,6725.14990234375,6650.39990234375,6695.0498046875,133900,0.00010452202544564138,0.0001045165633993392
2014-04-09,6722.0,6808.7001953125,6705.10009765625,6796.2001953125,169800,0.015108235722784302,0.014995242988600424
2014-04-10,6803.0498046875,6819.0498046875,6777.2998046875,6796.39990234375,191100,2.9385101308232464e-05,2.9384669574600685e-05
2014-04-11,6758.35009765625,6789.35009765625,6743.14990234375,6776.2998046875,140700,-0.002957462472053529,-0.0029618444059262942
2014-04-15,6792.7001953125,6813.39990234375,6711.75,6733.10009765625,123200,-0.006375117435236111,-0.006395525277556329
2014-04-16,6727.25,6748.64990234375,6665.14990234375,6675.2998046875,119800,-0.008584499284196023,-0.008621558339553982
2014-04-17,6695.4501953125,6783.0498046875,6684.39990234375,6779.39990234375,131500,0.0155948198136584,0.015474470218657372
2014-04-21,6789.25,6825.4501953125,6786.89990234375,6817.64990234375,111800,0.005642092301823887,0.005626235315480606
2014-04-22,6822.89990234375,6838.0,6806.25,6815.35009765625,114700,-0.0003373310041498989,-0.0003373879130515304
2014-04-23,6823.25,6861.60009765625,6820.75,6840.7998046875,183000,0.0037341745716044095,0.00372721984979212
2014-04-25,6855.7998046875,6869.85009765625,6772.85009765625,6782.75,154300,-0.008485821299392904,-0.008522030871778505
2014-04-28,6778.5498046875,6786.25,6750.2998046875,6761.25,118200,-0.003169805757251898,-0.003174840233210194
2014-04-29,6769.0,6779.7001953125,6708.64990234375,6715.25,115500,-0.006803475688667016,-0.006826724839414866
2014-04-30,6724.9501953125,6780.14990234375,6656.7998046875,6696.39990234375,161100,-0.0028070582117195597,-0.0028110053879877397
2014-05-02,6709.9501953125,6737.64990234375,6689.5,6694.7998046875,114300,-0.00023894893966680542,-0.0002389774925132282
2014-05-05,6681.64990234375,6741.0498046875,6680.4501953125,6699.35009765625,105000,0.0006796757336289261,0.0006794448586849589
2014-05-06,6719.25,6743.4501953125,6701.89990234375,6715.2998046875,88300,0.0023807842251488687,0.002377954648569805
2014-05-07,6708.60009765625,6718.75,6642.89990234375,6652.5498046875,114100,-0.009344333361884782,-0.009388265536980073
2014-05-08,6669.89990234375,6688.39990234375,6638.5498046875,6659.85009765625,101600,0.0010973676534682397,0.0010967659857117281
2014-05-09,6654.14990234375,6871.35009765625,6652.14990234375,6858.7998046875,166400,0.029873000760372248,0.029435494406797515
2014-05-12,6863.39990234375,7020.0498046875,6862.89990234375,7014.25,157700,0.022664343578924884,0.02241132323613701
2014-05-13,7080.0,7172.35009765625,7067.14990234375,7108.75,232200,0.013472573689275347,0.013382625556367727
2014-05-14,7112.0,7142.25,7080.89990234375,7108.75,177200,0.0,0.0
2014-05-15,7111.2998046875,7152.5498046875,7082.5498046875,7123.14990234375,186800,0.0020256588491296412,0.0020236099686651147
2014-05-16,7270.2001953125,7563.5,7130.64990234375,7203.0,393200,0.011209942055266486,0.011147576299688492
2014-05-19,7276.85009765625,7291.10009765625,7193.5498046875,7263.5498046875,316200,0.008406192515271416,0.008371057244219524
2014-05-20,7309.9501953125,7353.64990234375,7247.7001953125,7275.5,255300,0.0016452279716989704,0.0016438760667509807
2014-05-21,7274.85009765625,7287.14990234375,7206.7001953125,7252.89990234375,203100,-0.0031063291397498416,-0.003111163794727852
2014-05-22,7289.9501953125,7319.5498046875,7258.14990234375,7276.39990234375,240900,0.0032400833206598367,0.003234845561498608
2014-05-23,7306.5,7381.0,7293.89990234375,7367.10009765625,259600,0.012464982206830788,0.012387933925730808
2014-05-26,7428.75,7504.0,7269.0498046875,7359.0498046875,273200,-0.0010927356574551572,-0.0010933331283551897
2014-05-27,7363.10009765625,7372.9501953125,7274.75,7318.0,168600,-0.005578139267565785,-0.0055937551853276766
2014-05-28,7324.9501953125,7344.75,7302.60009765625,7329.64990234375,175600,0.0015919516731006667,0.0015906858612653664
2014-05-29,7316.60009765625,7325.39990234375,7224.39990234375,7235.64990234375,241100,-0.012824623447559524,-0.012907568856390952
2014-05-30,7254.85009765625,7272.5,7118.4501953125,7229.9501953125,312200,-0.0007877256512097697,-0.0007880360700878707
2014-06-02,7264.0498046875,7368.60009765625,7239.5,7362.5,169900,0.01833343261111775,0.018167401445903533
2014-06-03,7375.35009765625,7424.9501953125,7342.14990234375,7415.85009765625,234700,0.007246193230050935,0.007220065712657715
2014-06-04,7417.5498046875,7433.2998046875,7391.35009765625,7402.25,204600,-0.0018339229457386974,-0.0018356066412509439
2014-06-05,7399.75,7484.7001953125,7360.5,7474.10009765625,250700,0.009706521349083008,0.009659715706976952
2014-06-06,7521.5,7592.7001953125,7497.64990234375,7583.39990234375,248400,0.014623807984826875,0.014517911265275567
2014-06-09,7621.64990234375,7673.7001953125,7580.25,7654.60009765625,231900,0.009388954325156185,0.009345152051744758
2014-06-10,7679.0498046875,7683.2001953125,7579.2998046875,7656.39990234375,188700,0.0002351271999239124,0.00023509956185606317
2014-06-11,7672.39990234375,7700.0498046875,7589.0498046875,7626.85009765625,186200,-0.0038594907612459206,-0.003866957814588266
2014-06-12,7641.2998046875,7658.0,7593.7998046875,7649.89990234375,148200,0.0030221919130917207,0.003017634271514681
2014-06-13,7668.2001953125,7678.5,7525.35009765625,7542.10009765625,174500,-0.014091662121549109,-0.01419189231300482
2014-06-16,7534.7998046875,7548.60009765625,7487.5498046875,7533.5498046875,155400,-0.0011336753501066665,-0.0011343184460937106
2014-06-17,7525.0498046875,7637.60009765625,7509.25,7631.7001953125,158000,0.013028438540876097,0.012944298456771088
2014-06-18,7636.0498046875,7663.0,7515.5,7558.2001953125,165100,-0.009630881470572561,-0.00967755834425001
2014-06-19,7580.0498046875,7606.4501953125,7502.5498046875,7540.7001953125,148900,-0.0023153660326241665,-0.002318050637252134
2014-06-20,7543.2998046875,7560.5498046875,7497.2998046875,7511.4501953125,124100,-0.003878950129615588,-0.0038864927679996926
2014-06-23,7514.0,7534.7998046875,7441.60009765625,7493.35009765625,127400,-0.002409667532315529,-0.002412575453478406
2014-06-24,7515.2001953125,7593.35009765625,7515.2001953125,7580.2001953125,137000,0.011590289593357506,0.011523636710027154
2014-06-25,7588.5498046875,7589.25,7557.0498046875,7569.25,115000,-0.001444578643090666,-0.0014456230527611481
2014-06-26,7554.10009765625,7570.2001953125,7481.2998046875,7493.2001953125,171700,-0.010047204767645423,-0.010098018573784505
2014-06-27,7514.2001953125,7538.75,7482.2998046875,7508.7998046875,126700,0.0020818353932086087,0.0020796713768032227
2014-06-30,7534.0498046875,7623.64990234375,7531.60009765625,7611.35009765625,152300,0.013657348129687996,0.013564927084193412
2014-07-01,7629.0,7649.5,7618.14990234375,7634.7001953125,139400,0.003067799714460584,0.0030631036189189007
2014-07-02,7683.0498046875,7732.39990234375,7677.2998046875,7725.14990234375,136300,0.011847185183091247,0.01177755667969897
2014-07-03,7734.35009765625,7754.64990234375,7706.7998046875,7714.7998046875,133800,-0.0013397924683778983,-0.00134069079277555
2014-07-04,7718.10009765625,7758.0,7661.2998046875,7751.60009765625,113100,0.0047700904625405105,0.004758749631257964
2014-07-07,7780.39990234375,7792.0,7755.10009765625,7787.14990234375,173900,0.004586124701950078,0.004575640474488179
2014-07-08,7804.0498046875,7808.85009765625,7595.89990234375,7623.2001953125,180600,-0.021053878387766067,-0.02127867207000753
2014-07-09,7637.9501953125,7650.10009765625,7551.64990234375,7585.0,168300,-0.005011044487063243,-0.005023641872147828
2014-07-10,7589.5,7731.0498046875,7479.0498046875,7567.75,258400,-0.0022742254449571453,-0.0022768154231857557
2014-07-11,7584.10009765625,7625.85009765625,7447.2001953125,7459.60009765625,187600,-0.014290892582835002,-0.014393990810803546
2014-07-14,7469.0,7478.4501953125,7422.14990234375,7454.14990234375,135200,-0.000730628350199658,-0.0007308953891714673
2014-07-15,7491.2998046875,7534.89990234375,7459.14990234375,7526.64990234375,122100,0.009726125842626887,0.009679131549908635
2014-07-16,7564.14990234375,7640.10009765625,7532.4501953125,7624.39990234375,168000,0.012987185702574067,0.012903575337152367
2014-07-17,7612.7001953125,7655.64990234375,7612.7001953125,7640.4501953125,141600,0.002105122130833692,0.002102909465983186
2014-07-18,7630.25,7685.0,7595.5,7663.89990234375,134600,0.0030691525279016307,0.0030644522939827193
2014-07-21,7701.64990234375,7722.10009765625,7674.0,7684.2001953125,105400,0.002648820212610259,0.0026453182709969426
2014-07-22,7708.2001953125,7773.85009765625,7704.7998046875,7767.85009765625,120100,0.010885960831002128,0.01082713528937421
2014-07-23,7794.89990234375,7809.2001953125,7752.89990234375,7795.75,122100,0.0035917148236637164,0.0035852800193615086
2014-07-24,7796.25,7835.64990234375,7771.64990234375,7830.60009765625,117600,0.004470397031234974,0.004460434486412476
2014-07-25,7828.2001953125,7840.9501953125,7748.60009765625,7790.4501953125,153900,-0.005127308487604565,-0.005140498238365478
2014-07-28,7792.89990234375,7799.89990234375,7722.64990234375,7748.7001953125,116500,-0.005359125461725012,-0.005373537086780802
2014-07-30,7746.2001953125,7798.7001953125,7707.60009765625,7791.39990234375,178100,0.005510563830702919,0.005495436222823544
2014-07-31,7784.64990234375,7791.85009765625,7711.14990234375,7721.2998046875,208900,-0.00899711201258746,-0.009037830441044684
2014-08-01,7662.5,7716.7001953125,7593.89990234375,7602.60009765625,181100,-0.015373021386786312,-0.015492411451246685
2014-08-04,7639.5498046875,7694.7998046875,7622.0498046875,7683.64990234375,137000,0.01066080073217135,0.010604375070275692
2014-08-05,7706.64990234375,7752.4501953125,7638.0498046875,7746.5498046875,128200,0.008186200977814417,0.00815287578222499
2014-08-06,7726.14990234375,7740.9501953125,7658.9501953125,7672.0498046875,116400,-0.009617184666510403,-0.009663728440738909
2014-08-07,7651.14990234375,7708.9501953125,7630.39990234375,7649.25,116800,-0.0029718009225604414,-0.0029762254910542657
2014-08-08,7588.7001953125,7592.4501953125,7540.10009765625,7568.5498046875,118400,-0.010550079460404649,-0.010606126094877983
2014-08-11,7619.85009765625,7635.5498046875,7598.60009765625,7625.9501953125,107000,0.007584067239598591,0.007555452786540585
2014-08-12,7688.7998046875,7735.75,7654.7998046875,7727.0498046875,120600,0.013257313093540057,0.013170203962401476
2014-08-13,7717.2998046875,7757.10009765625,7695.7001953125,7739.5498046875,154100,0.0016176937273546521,0.0016163866702790495
2014-08-14,7756.14990234375,7796.7001953125,7739.10009765625,7791.7001953125,127300,0.006738168490551644,0.0067155684981506794
2014-08-18,7785.25,7880.5,7779.2001953125,7874.25,126700,0.010594581749585608,0.010538852441929612
2014-08-19,7901.0,7918.5498046875,7881.14990234375,7897.5,140600,0.0029526621583007007,0.0029483116130798108
2014-08-20,7915.7998046875,7922.7001953125,7864.0498046875,7875.2998046875,117300,-0.002811040875276949,-0.0028149992705591483
2014-08-21,7875.35009765625,7919.64990234375,7855.9501953125,7891.10009765625,115200,0.0020063100276317414,0.0020043000756105184
2014-08-22,7904.5498046875,7929.0498046875,7900.0498046875,7913.2001953125,104100,0.002800635828053233,0.0027967213545059197
2014-08-25,7931.75,7968.25,7897.9501953125,7906.2998046875,118500,-0.0008720101166007632,-0.0008723905385931191
2014-08-26,7874.5,7915.4501953125,7862.4501953125,7904.75,142800,-0.0001960214924535686,-0.0001960407071773607
2014-08-27,7933.89990234375,7946.85009765625,7916.5498046875,7936.0498046875,120000,0.003959619809291937,0.0039518011472649325
2014-08-28,7942.25,7967.7998046875,7939.2001953125,7954.35009765625,189700,0.002305970025281434,0.002303315356676902
2014-09-01,7990.35009765625,8035.0,7984.0,8027.7001953125,139300,0.009221381603238932,0.009179124246061186
2014-09-02,8038.60009765625,8101.9501953125,8036.5498046875,8083.0498046875,134900,0.006894827662761838,0.0068711670335596
2014-09-03,8110.85009765625,8141.89990234375,8092.25,8114.60009765625,150700,0.003903265936881173,0.0038956679592612917
2014-09-04,8114.2001953125,8114.7998046875,8060.89990234375,8095.9501953125,141300,-0.0022983144109759435,-0.0023009595892866165
2014-09-05,8099.89990234375,8122.7001953125,8049.85009765625,8086.85009765625,126000,-0.0011240308347646444,-0.0011246630312066596
2014-09-08,8132.9501953125,8180.2001953125,8126.14990234375,8173.89990234375,120700,0.010764364818970584,0.010706841477298593
2014-09-09,8161.89990234375,8174.5498046875,8126.5,8152.9501953125,104700,-0.002563000193486986,-0.002566290301383355
2014-09-10,8135.5498046875,8135.75,8082.10009765625,8094.10009765625,107100,-0.007218257961404628,-0.007244435632928195
2014-09-11,8115.14990234375,8127.9501953125,8057.2998046875,8085.7001953125,122800,-0.001037780882668149,-0.0010383197500981691
2014-09-12,8087.0498046875,8114.2998046875,8071.60009765625,8105.5,111400,0.0024487433628788136,0.0024457500763813006
2014-09-15,8070.35009765625,8077.2998046875,8030.0,8042.0,96500,-0.007834186663376763,-0.00786503512440859
2014-09-16,8036.60009765625,8044.89990234375,7925.14990234375,7932.89990234375,128000,-0.013566289188790104,-0.013659152116613792
2014-09-17,7971.5,7990.64990234375,7936.9501953125,7975.5,123700,0.005370053597129498,0.005355686271897236
2014-09-18,7950.64990234375,8120.85009765625,7939.7001953125,8114.75,116900,0.01745972039370569,0.01730905071438062
2014-09-19,8129.39990234375,8160.89990234375,8105.35009765625,8121.4501953125,161300,0.000825681051480398,0.0008253403644006908
2014-09-22,8084.4501953125,8159.89990234375,8064.7998046875,8146.2998046875,105500,0.0030597502634865936,0.003055078754324302
2014-09-23,8144.39990234375,8159.75,8008.10009765625,8017.5498046875,140800,-0.015804721540682243,-0.01593094790039912
2014-09-24,8015.5498046875,8042.0498046875,7950.0498046875,8002.39990234375,182200,-0.0018895925454548435,-0.0018913800776086584
2014-09-25,8003.2998046875,8019.2998046875,7877.35009765625,7911.85009765625,231900,-0.011315331124726713,-0.011379836545715916
2014-09-26,7885.85009765625,7993.2998046875,7841.7998046875,7968.85009765625,147800,0.007204383209546084,0.007178555614569579
2014-09-29,7978.4501953125,7991.75,7934.7001953125,7958.89990234375,97300,-0.0012486362763213243,-0.0012494164721180694
2014-09-30,7948.7998046875,8030.89990234375,7923.85009765625,7964.7998046875,141100,0.0007412962113033661,0.0007410215869771875
2014-10-01,7960.5,7977.5,7936.7001953125,7945.5498046875,113000,-0.002416884350146642,-0.0024198097296141007
2014-10-07,7897.39990234375,7943.0498046875,7842.7001953125,7852.39990234375,148200,-0.011723531364537632,-0.01179279382430551
2014-10-08,7828.75,7869.89990234375,7815.75,7842.7001953125,135900,-0.0012352538270948843,-0.001236017381957707
2014-10-09,7886.5,7972.35009765625,7886.5,7960.5498046875,123800,0.01502666255755103,0.014914880678345798
2014-10-10,7911.0,7924.0498046875,7848.4501953125,7859.9501953125,142900,-0.012637269013223484,-0.012717798464841716
2014-10-13,7831.0,7901.14990234375,7796.0,7884.25,118800,0.0030915977943464235,0.0030868286329098203
2014-10-14,7923.25,7928.0,7825.4501953125,7864.0,225500,-0.002568411706883933,-0.0025717157348472356
2014-10-16,7837.2998046875,7893.89990234375,7729.64990234375,7748.2001953125,213500,-0.014725305784270115,-0.01483479931274002
2014-10-17,7733.75,7819.2001953125,7723.85009765625,7779.7001953125,177600,0.0040654602625080916,0.004057218608794233
2014-10-20,7896.9501953125,7905.9501953125,7856.9501953125,7879.39990234375,176200,0.012815366213124957,0.01273394430406019
2014-10-21,7906.14990234375,7936.60009765625,7874.35009765625,7927.75,163400,0.006136266499415566,0.006117516281268019
2014-10-22,7997.7998046875,8005.0,7974.5498046875,7995.89990234375,151100,0.008596373793793965,0.008559635367284744
2014-10-27,8064.35009765625,8064.39990234375,7985.64990234375,7991.7001953125,132800,-0.0005252325670084268,-0.0005253705499506886
2014-10-28,8002.39990234375,8037.7998046875,7995.0498046875,8027.60009765625,124100,0.00449214828714517,0.004482088703870871
2014-10-29,8077.0498046875,8097.9501953125,8052.25,8090.4501953125,148300,0.007829251194837239,0.007798761644535693
2014-10-30,8085.2001953125,8181.5498046875,8085.2001953125,8169.2001953125,205700,0.009733698137790459,0.009686630877276963
2014-10-31,8200.7998046875,8330.75,8198.0498046875,8322.2001953125,176200,0.018728883653480688,0.01855565765600878
2014-11-03,8348.150390625,8350.599609375,8297.650390625,8324.150390625,141100,0.0002343365055792468,0.00023430905306898972
2014-11-05,8351.25,8365.5498046875,8323.5,8338.2998046875,161600,0.0016998027904968627,0.0016983597607461473
2014-11-07,8331.849609375,8360.349609375,8290.25,8337.0,153400,-0.00015588365949248395,-0.0001558958106129228
2014-11-10,8337.7998046875,8383.0498046875,8304.4501953125,8344.25,130700,0.000869617368358,0.0008692394702429653
2014-11-11,8354.099609375,8378.7001953125,8321.849609375,8362.650390625,122000,0.002205158117865702,0.0022027303251594033
2014-11-12,8378.900390625,8415.0498046875,8370.5,8383.2998046875,125200,0.0024692427756694,0.0024661992049072835
2014-11-13,8405.25,8408.0,8320.349609375,8357.849609375,127400,-0.0030358207275695825,-0.0030404381788521184
2014-11-14,8360.7001953125,8400.650390625,8346.7998046875,8389.900390625,146800,0.0038348119131084157,0.00382747776597414
2014-11-17,8378.400390625,8438.099609375,8349.099609375,8430.75,113900,0.0048689027846677835,0.004857088011971049
2014-11-18,8441.25,8454.5,8407.25,8425.900390625,134700,-0.0005752287014797464,-0.0005753942089820699
2014-11-19,8440.650390625,8455.650390625,8360.5,8382.2998046875,125400,-0.005174590716264804,-0.005188025276412326
2014-11-20,8406.5,8410.849609375,8353.150390625,8401.900390625,122800,0.00233833033823716,0.002335600698223698
2014-11-21,8408.2001953125,8489.7998046875,8398.599609375,8477.349609375,137000,0.008980018238991194,0.008939937646133834
2014-11-24,8490.9501953125,8534.650390625,8490.7998046875,8530.150390625,140700,0.006228453901630848,0.006209137249718906
2014-11-25,8530.7998046875,8535.349609375,8429.4501953125,8463.099609375,271900,-0.00786044538249775,-0.007891501533809672
2014-11-26,8450.2998046875,8500.2998046875,8438.650390625,8475.75,151900,0.0014947703806991175,0.0014936543234813655
2014-11-27,8477.7998046875,8506.75,8456.349609375,8494.2001953125,194300,0.0021768215570894256,0.002174455713767457
2014-11-28,8516.7998046875,8617.0,8516.25,8588.25,197200,0.0110722378240391,0.011011389339421218
2014-12-01,8605.099609375,8623.0,8545.150390625,8555.900390625,152000,-0.0037667288883066474,-0.0037738408764703764
2014-12-02,8535.4501953125,8560.2001953125,8504.650390625,8524.7001953125,137400,-0.003646629096650922,-0.0036532942570473856
2014-12-03,8528.7001953125,8546.9501953125,8508.349609375,8537.650390625,153200,0.0015191379187295961,0.0015179851960037325
2014-12-04,8582.400390625,8626.9501953125,8526.400390625,8564.400390625,143500,0.0031331805328282947,0.003128282351293758
2014-12-05,8584.25,8588.349609375,8523.900390625,8538.2998046875,143300,-0.003047567225613501,-0.003052220515157543
2014-12-08,8538.650390625,8546.349609375,8432.25,8438.25,163800,-0.0117177666486451,-0.01178696074088962
2014-12-09,8439.2998046875,8444.5,8330.5,8340.7001953125,146300,-0.011560430739489869,-0.01162777201814715
2014-12-10,8318.0498046875,8376.7998046875,8317.0,8355.650390625,136700,0.0017924388795202972,0.001790834377979736
2014-12-11,8338.849609375,8348.2998046875,8272.400390625,8292.900390625,133900,-0.007509888167461565,-0.0075382293595515236
2014-12-12,8302.0,8321.900390625,8216.2998046875,8224.099609375,138100,-0.008296347237907065,-0.008330953463077941
2014-12-15,8160.75,8242.400390625,8152.5,8219.599609375,137100,-0.0005471723609561385,-0.0005473221143822177
2014-12-16,8172.60009765625,8189.35009765625,8052.60009765625,8067.60009765625,197300,-0.018492325531937692,-0.01866544617437457
2014-12-17,8041.2001953125,8082.0,7961.35009765625,8029.7998046875,216200,-0.004685444557388396,-0.004696455660811477
2014-12-18,8138.89990234375,8174.2998046875,8084.89990234375,8159.2998046875,162100,0.01612742573288095,0.015998760320407486
2014-12-19,8230.4501953125,8263.4501953125,8208.599609375,8225.2001953125,174800,0.008076721312181734,0.008044279165652847
2014-12-22,8255.0,8330.9501953125,8228.2001953125,8324.0,139200,0.012011841942012103,0.01194027232053888
2014-12-23,8324.599609375,8364.75,8252.849609375,8267.0,132200,-0.006847669389716482,-0.006871222260849433
2014-12-24,8272.0498046875,8286.400390625,8155.25,8174.10009765625,221900,-0.01123743829003876,-0.0113010553438477
2014-12-26,8204.7998046875,8234.5498046875,8147.9501953125,8200.7001953125,75500,0.0032541927965719086,0.003248909370282162
2014-12-29,8214.7001953125,8279.150390625,8214.7001953125,8246.2998046875,82100,0.005560453167287482,0.005545050916857839
2014-12-30,8260.2998046875,8268.25,8220.5498046875,8248.25,77700,0.00023649337990261365,0.00023646541975141835
2014-12-31,8243.900390625,8291.0,8243.75,8282.7001953125,84500,0.004176667209711216,0.004167969146088031
2015-01-02,8288.7001953125,8410.599609375,8288.7001953125,8395.4501953125,101900,0.013612710510011006,0.013520889912634575
2015-01-05,8407.9501953125,8445.599609375,8363.900390625,8378.400390625,118200,-0.0020308386436523884,-0.0020329035926431203
2015-01-06,8325.2998046875,8327.849609375,8111.35009765625,8127.35009765625,172800,-0.029963988501869876,-0.030422082918029548
2015-01-07,8118.64990234375,8151.2001953125,8065.4501953125,8102.10009765625,164100,-0.0031067936900222026,-0.0031116297926513815
2015-01-08,8191.39990234375,8243.5,8167.2998046875,8234.599609375,143800,0.016353724358093125,0.01622144246054657
2015-01-09,8285.4501953125,8303.2998046875,8190.7998046875,8284.5,148000,0.006059844193054609,0.006041557177687999
2015-01-12,8291.349609375,8332.599609375,8245.599609375,8323.0,103200,0.004647232784114941,0.004636467736743234
2015-01-13,8346.150390625,8356.650390625,8267.900390625,8299.400390625,129600,-0.002835469106692301,-0.0028394966643650508
2015-01-14,8307.25,8326.4501953125,8236.650390625,8277.5498046875,146100,-0.0026327909136885097,-0.0026362628028638235
2015-01-15,8424.5,8527.099609375,8380.5498046875,8494.150390625,232100,0.026167234392820093,0.025830729950324278
2015-01-16,8504.0498046875,8530.75,8452.25,8513.7998046875,176000,0.0023132877520259942,0.0023106162211340322
2015-01-19,8550.0498046875,8570.9501953125,8531.5,8550.7001953125,125400,0.004334185847861161,0.004324820315931695
2015-01-20,8575.099609375,8707.900390625,8574.5,8695.599609375,158700,0.016945912118627948,0.01680393189462208
2015-01-21,8719.650390625,8741.849609375,8689.599609375,8729.5,185900,0.0038985684884169647,0.003890988763950604
2015-01-22,8745.849609375,8774.150390625,8727.0,8761.400390625,175500,0.0036543204794088346,0.003647659672542357
2015-01-23,8827.9501953125,8866.400390625,8795.400390625,8835.599609375,191200,0.008468876599840858,0.008433216854945564
2015-01-27,8871.349609375,8925.0498046875,8825.4501953125,8910.5,192000,0.00847711461998868,0.008441385660836975
2015-01-28,8902.75,8985.0498046875,8874.0498046875,8914.2998046875,185100,0.0004264412420740271,0.0004263503418490414
2015-01-29,8901.5,8966.650390625,8861.25,8952.349609375,256300,0.0042684008302582566,0.0042593170470792705
2015-01-30,8996.599609375,8996.599609375,8775.099609375,8808.900390625,267300,-0.01602363904552817,-0.016153405638702815
2015-02-02,8802.5,8840.7998046875,8751.099609375,8797.400390625,210100,-0.0013054977908750764,-0.0013063506955069547
2015-02-03,8823.150390625,8837.2998046875,8726.650390625,8756.5498046875,208700,-0.004643483770618517,-0.004654298232220474
2015-02-04,8789.150390625,8792.849609375,8704.400390625,8723.7001953125,195300,-0.003751432939651078,-0.0037584872121479928
2015-02-05,8733.099609375,8838.4501953125,8683.650390625,8711.7001953125,173600,-0.0013755630903555804,-0.0013765100457609084
2015-02-06,8696.849609375,8726.2001953125,8645.5498046875,8661.0498046875,171300,-0.005814064934449137,-0.005831032408607971
2015-02-09,8584.400390625,8605.5498046875,8516.349609375,8526.349609375,146800,-0.01555240973670402,-0.015674617197285398
2015-02-10,8478.099609375,8646.25,8470.5,8565.5498046875,196200,0.0045975355349490155,0.004586999150377187
2015-02-11,8603.2998046875,8651.9501953125,8593.650390625,8627.400390625,161600,0.007220854159723844,0.007194908616778425
2015-02-12,8676.9501953125,8732.5498046875,8599.25,8711.5498046875,158800,0.009753739278629103,0.009706478627223793
2015-02-13,8741.5,8822.099609375,8729.650390625,8805.5,221900,0.0107845558389561,0.010726817268910518
2015-02-16,8831.400390625,8870.099609375,8793.400390625,8809.349609375,136400,0.00043718237181300523,0.0004370868354434235
2015-02-18,8811.5498046875,8894.2998046875,8808.900390625,8869.099609375,147600,0.006782566551384539,0.006759668427262326
2015-02-19,8883.0498046875,8913.4501953125,8794.4501953125,8895.2998046875,213300,0.0029540986646272582,0.0029497438893496893
2015-02-20,8895.5,8899.9501953125,8816.2998046875,8833.599609375,197600,-0.006936269340802492,-0.006960437077779418
2015-02-23,8856.849609375,8869.0,8736.099609375,8754.9501953125,139600,-0.008903438863023694,-0.008943311319236858
2015-02-24,8772.900390625,8800.5,8726.75,8762.099609375,149800,0.0008166139044774035,0.0008162806567537197
2015-02-25,8801.900390625,8840.650390625,8751.400390625,8767.25,135200,0.0005878032497472763,0.0005876305610850604
2015-02-26,8779.0,8786.0498046875,8669.4501953125,8683.849609375,217500,-0.00951271956713906,-0.009558254487962844
2015-02-27,8729.5,8856.9501953125,8717.4501953125,8844.599609375,249500,0.018511375395821705,0.018342125395864908
2015-03-02,8953.849609375,8972.349609375,8885.4501953125,8956.75,218100,0.01268009809128312,0.012600378838793266
2015-03-03,8962.849609375,9008.400390625,8925.5498046875,8996.25,177800,0.004410081781896391,0.00440038586730066
2015-03-04,9109.150390625,9119.2001953125,8893.9501953125,8922.650390625,248400,-0.008181143184660233,-0.008214792388202198
2015-03-05,8929.400390625,8957.5498046875,8849.349609375,8937.75,160100,0.0016922784950608172,0.0016908482052135402
2015-03-09,8891.150390625,8891.2998046875,8740.4501953125,8756.75,155500,-0.02025118178512486,-0.02045904811401918
2015-03-10,8769.75,8778.0,8677.349609375,8712.0498046875,163800,-0.005104655872612551,-0.005117729137055929
2015-03-11,8728.75,8755.599609375,8682.349609375,8699.9501953125,172800,-0.0013888361116221049,-0.00138980143838521
2015-03-12,8740.650390625,8787.2001953125,8732.900390625,8776.0,173900,0.008741406902360804,0.00870342200550124
2015-03-13,8844.0498046875,8849.75,8631.75,8647.75,179200,-0.014613719234275346,-0.014721551472009752
2015-03-16,8656.75,8663.5498046875,8612.0,8633.150390625,163300,-0.0016882552542568652,-0.0016896819631506011
2015-03-17,8689.099609375,8742.5498046875,8630.7998046875,8723.2998046875,177000,0.010442238346779709,0.01038809476984804
2015-03-18,8742.900390625,8747.25,8664.0,8685.900390625,156400,-0.004287301239194297,-0.0042965180681336585
2015-03-19,8749.4501953125,8788.2001953125,8614.650390625,8634.650390625,163500,-0.00590036699653107,-0.005917842938767325
2015-03-20,8627.900390625,8627.900390625,8553.0,8570.900390625,174600,-0.0073830435647072035,-0.0074104331263360745
2015-03-23,8591.5498046875,8608.349609375,8540.5498046875,8550.900390625,150700,-0.002333477124745964,-0.002336203925268819
2015-03-24,8537.0498046875,8627.75,8535.849609375,8542.9501953125,156700,-0.000929749494125387,-0.0009301819792756467
2015-03-25,8568.900390625,8573.75,8516.5498046875,8530.7998046875,161000,-0.0014222710360253243,-0.0014232834235154116
2015-03-26,8474.9501953125,8499.4501953125,8325.349609375,8342.150390625,280100,-0.022113918786236364,-0.022362097108321904
2015-03-27,8396.0,8413.2001953125,8269.150390625,8341.400390625,193000,-8.990487642646094e-05,-8.990891811211022e-05
2015-03-30,8390.9501953125,8492.2998046875,8380.75,8492.2998046875,134700,0.018090417315550278,0.017928732765285012
2015-03-31,8527.599609375,8550.4501953125,8454.150390625,8491.0,167200,-0.0001530568535489385,-0.00015306856794447524
2015-04-01,8483.7001953125,8603.400390625,8464.75,8586.25,125500,0.011217759981156483,0.011155307528727893
2015-04-06,8615.7998046875,8667.5498046875,8573.75,8659.900390625,146900,0.00857771327704171,0.008541133724940244
2015-04-07,8684.4501953125,8693.599609375,8586.849609375,8660.2998046875,148700,4.612224673294918e-05,4.6121183134830896e-05
2015-04-08,8698.9501953125,8730.5,8679.7998046875,8714.400390625,148200,0.006246964557533818,0.006227533157299894
2015-04-09,8756.2001953125,8785.5,8682.4501953125,8778.2998046875,152700,0.007332623152276119,0.007305870171212896
2015-04-10,8774.349609375,8787.400390625,8733.599609375,8780.349609375,139000,0.0002335081659441407,0.00023348090715570997
2015-04-13,8801.75,8841.650390625,8762.099609375,8834.0,121600,0.006110279546012176,0.0060916874846368065
2015-04-16,8757.0498046875,8760.0,8645.650390625,8706.7001953125,142900,-0.014410211080767454,-0.014515046525185486
2015-04-17,8698.0498046875,8699.849609375,8596.7001953125,8606.0,150400,-0.01156582781691673,-0.011633232232741262
2015-04-20,8618.7998046875,8619.9501953125,8422.75,8448.099609375,148900,-0.01834770981001632,-0.01851811663955681
2015-04-21,8416.099609375,8469.349609375,8352.7001953125,8377.75,407800,-0.008327270348106652,-0.008362135754524264
2015-04-22,8400.400390625,8449.9501953125,8284.7001953125,8429.7001953125,171800,0.006200972255378856,0.006181825339152998
2015-04-23,8478.2001953125,8504.9501953125,8361.849609375,8398.2998046875,156000,-0.0037249712205020824,-0.003731926202576211
2015-04-24,8405.7001953125,8413.2998046875,8273.349609375,8305.25,173600,-0.011079600258562361,-0.011141436198728826
2015-04-27,8330.5498046875,8334.4501953125,8202.349609375,8213.7998046875,171500,-0.011011130948797465,-0.011072202173819238
2015-04-28,8215.5498046875,8308.0,8185.14990234375,8285.599609375,174600,0.008741362876475867,0.008703378361128562
2015-04-29,8274.7998046875,8308.2001953125,8219.2001953125,8239.75,160400,-0.005533650132347967,-0.0055490174921902485
2015-04-30,8224.5,8229.400390625,8144.75,8181.5,267700,-0.007069389241178392,-0.007094495768480639
2015-05-04,8230.0498046875,8346.0,8220.4501953125,8331.9501953125,131700,0.01838907233545184,0.018222037975143816
2015-05-05,8338.400390625,8355.650390625,8280.599609375,8324.7998046875,155500,-0.0008581893143123631,-0.0008585577695799613
2015-05-06,8316.599609375,8331.9501953125,8083.0,8097.0,209600,-0.02736399793773192,-0.027745365388399824
2015-05-07,8077.0,8122.60009765625,7997.14990234375,8057.2998046875,161600,-0.004903074634123761,-0.004915134139810429
2015-05-08,8131.5,8224.9501953125,8123.4501953125,8191.5,183100,0.01665572816769534,0.01651854271401412
2015-05-11,8243.2001953125,8332.75,8224.650390625,8325.25,192000,0.01632790087285607,0.016196034167464263
2015-05-12,8326.150390625,8326.650390625,8115.2998046875,8126.9501953125,173400,-0.02381908107113906,-0.024107341992543527
2015-05-13,8181.5498046875,8254.9501953125,8089.7998046875,8235.4501953125,169800,0.013350641678914421,0.013262307208340643
2015-05-14,8232.4501953125,8236.25,8137.2998046875,8224.2001953125,134800,-0.0013660455388829762,-0.0013669794296785854
2015-05-15,8240.2998046875,8279.2001953125,8212.2001953125,8262.349609375,129800,0.004638677701966021,0.004627952191887896
2015-05-18,8284.9501953125,8384.599609375,8271.9501953125,8373.650390625,148700,0.013470838987944989,0.013380913913783618
2015-05-19,8356.2001953125,8427.7998046875,8335.0,8365.650390625,140300,-0.0009553778372400901,-0.0009558345015271625
2015-05-20,8392.650390625,8440.349609375,8391.4501953125,8423.25,123600,0.006885251795789804,0.006861656693210339
2015-05-21,8434.5,8446.349609375,8382.5,8421.0,143800,-0.00026711779894939003,-0.0002671534812630433
2015-05-22,8432.5,8489.5498046875,8420.599609375,8458.9501953125,187300,0.004506613859696085,0.004496489481834225
2015-05-25,8438.150390625,8441.9501953125,8364.150390625,8370.25,121300,-0.010485957862909845,-0.010541322896106728
2015-05-26,8377.099609375,8378.900390625,8320.0498046875,8339.349609375,116800,-0.0036916926764433144,-0.003698523791285403
2015-05-27,8302.75,8342.849609375,8277.9501953125,8334.599609375,165500,-0.0005695887835976965,-0.0005697510609127147
2015-05-28,8345.7001953125,8364.5,8270.150390625,8319.0,232300,-0.00187166871908917,-0.0018734224796336696
2015-05-29,8327.099609375,8443.900390625,8305.7001953125,8433.650390625,363900,0.013781751487558669,0.01368764678319723
2015-06-01,8417.25,8467.150390625,8405.400390625,8433.400390625,122200,-2.964315431874809e-05,-2.9643593685729908e-05
2015-06-02,8442.7998046875,8445.349609375,8226.0498046875,8236.4501953125,146800,-0.023353592405198742,-0.02363060893126965
2015-06-03,8232.4501953125,8236.7001953125,8094.14990234375,8135.10009765625,171400,-0.012305070176218624,-0.012381404397236432
2015-06-04,8155.14990234375,8160.0498046875,8056.75,8130.64990234375,154700,-0.0005470363313393456,-0.0005471860103022912
2015-06-05,8119.14990234375,8191.0,8100.14990234375,8114.7001953125,162100,-0.001961676769116849,-0.001963603376990351
2015-06-08,8124.35009765625,8131.0,8030.5498046875,8044.14990234375,135900,-0.008694134258897646,-0.008732148739867544
2015-06-09,8026.5,8057.14990234375,8005.14990234375,8022.39990234375,136000,-0.0027038282806817193,-0.0027074902267056862
2015-06-10,8024.14990234375,8152.25,8023.7998046875,8124.4501953125,136800,0.012720668903445809,0.012640440848079765
2015-06-11,8157.2998046875,8163.0498046875,7958.25,7965.35009765625,166200,-0.019582875620068996,-0.019777160752925255
2015-06-12,7959.85009765625,7995.60009765625,7940.2998046875,7982.89990234375,136600,0.0022032684655837187,0.0022008448289133065
2015-06-15,7986.60009765625,8057.7001953125,7944.85009765625,8013.89990234375,133000,0.003883300602441242,0.0038757800540692557
2015-06-16,8004.2001953125,8061.85009765625,7952.35009765625,8047.2998046875,124000,0.004167746384501569,0.0041590853857635356
2015-06-17,8084.2001953125,8136.85009765625,8048.9501953125,8091.5498046875,152500,0.005498738840850059,0.005483675969067097
2015-06-18,8113.7001953125,8186.89990234375,8101.7998046875,8174.60009765625,144800,0.010263830165222254,0.010211514727058937
2015-06-19,8201.150390625,8250.7998046875,8195.650390625,8224.9501953125,147100,0.006159334653041526,0.006140443483030782
2015-06-22,8259.2998046875,8369.4501953125,8257.400390625,8353.099609375,122700,0.015580570218593381,0.015460439332762258
2015-06-23,8377.4501953125,8398.4501953125,8334.9501953125,8381.5498046875,131700,0.003405944696333929,0.003400157603319678
2015-06-24,8399.400390625,8421.349609375,8338.900390625,8360.849609375,130100,-0.002469733616678238,-0.0024727884395158908
2015-06-25,8336.25,8423.150390625,8329.5,8398.0,201200,0.00444337505883885,0.004433532413488122
2015-06-26,8393.9501953125,8408.5498046875,8339.7001953125,8381.099609375,110600,-0.0020124304149797823,-0.0020144580738723343
2015-06-29,8247.0498046875,8329.4501953125,8195.650390625,8318.400390625,132000,-0.00748102536329065,-0.007509148581665224
2015-06-30,8316.349609375,8378.0,8298.9501953125,8368.5,158500,0.006022745602803914,0.006004681365091595
2015-07-01,8376.25,8481.599609375,8370.150390625,8453.0498046875,131800,0.01010334046573469,0.010052642911917523
2015-07-02,8471.9501953125,8479.25,8433.2001953125,8444.900390625,112000,-0.0009640797405430224,-0.000964544764320111
2015-07-03,8440.099609375,8497.75,8424.150390625,8484.900390625,88400,0.004736586359787687,0.004725404031422576
2015-07-06,8386.150390625,8533.150390625,8386.150390625,8522.150390625,101500,0.004390151714822377,0.004380543110671768
2015-07-07,8525.5,8561.349609375,8483.849609375,8510.7998046875,122200,-0.0013318922357890006,-0.001332779992604704
2015-07-08,8439.2001953125,8457.5,8341.400390625,8363.0498046875,188100,-0.01736029555278973,-0.017512752525573723
2015-07-09,8364.849609375,8400.2998046875,8323.0,8328.5498046875,131300,-0.004125289314989233,-0.004133821795005965
2015-07-10,8365.7001953125,8377.099609375,8315.400390625,8360.5498046875,154100,0.0038422055160178825,0.0038348430969963264
2015-07-13,8397.25,8471.650390625,8355.400390625,8459.650390625,117800,0.011853357524637564,0.011783656733947193
2015-07-14,8470.599609375,8480.25,8424.099609375,8454.099609375,101700,-0.0006561478304294432,-0.000656363189627265
2015-07-15,8463.400390625,8531.400390625,8462.9501953125,8523.7998046875,105500,0.008244543893853207,0.008210743295109776
2015-07-16,8546.150390625,8616.099609375,8542.900390625,8608.0498046875,116000,0.009884089482447456,0.009835561378738018
2015-07-17,8623.650390625,8642.9501953125,8593.150390625,8609.849609375,105000,0.00020908390731189108,0.00020906205231804127
2015-07-20,8623.900390625,8624.099609375,8559.0,8603.4501953125,90600,-0.0007432666484129546,-0.0007435430080160121
2015-07-21,8601.5,8646.75,8517.900390625,8529.4501953125,164100,-0.00860120048586066,-0.008638404295993872
2015-07-22,8512.25,8643.900390625,8498.650390625,8633.5,136800,0.012198887654526924,0.012125080858812433
2015-07-23,8643.9501953125,8654.75,8573.7998046875,8589.7998046875,132900,-0.005061700968610694,-0.005074554770036643
2015-07-24,8588.150390625,8589.150390625,8513.5,8521.5498046875,127400,-0.00794547038951432,-0.00797720384261551
2015-07-27,8492.099609375,8492.2001953125,8351.5498046875,8361.0,136600,-0.01884044667546103,-0.019020189089775028
2015-07-28,8371.099609375,8397.400390625,8321.75,8337.0,174600,-0.002870470039468942,-0.002874597739444469
2015-07-29,8365.599609375,8381.5,8338.4501953125,8375.0498046875,141000,0.004563968416396724,0.0045535850933296085
2015-07-30,8417.0,8458.900390625,8408.2998046875,8421.7998046875,215200,0.005582056356707721,0.005566534416230723
2015-07-31,8456.099609375,8548.9501953125,8448.0,8532.849609375,203300,0.013185994355469077,0.013099815871268341
2015-08-03,8510.650390625,8563.9501953125,8508.099609375,8543.0498046875,156700,0.0011954031512864116,0.0011946892258352072
2015-08-04,8564.099609375,8565.150390625,8448.25,8516.900390625,187400,-0.00306089917070973,-0.0030655933038692055
2015-08-05,8547.4501953125,8591.849609375,8545.849609375,8567.9501953125,132800,0.005993941733038577,0.005976049525257857
2015-08-06,8585.7998046875,8606.2998046875,8551.5,8588.650390625,134900,0.002416003226048735,0.0024130893825477714
2015-08-07,8580.7998046875,8595.9501953125,8552.7001953125,8564.599609375,143700,-0.002800298085977815,-0.0028042262557410207
2015-08-10,8577.0,8621.5498046875,8497.7998046875,8525.599609375,123400,-0.004553627931107251,-0.004564027276617137
2015-08-11,8548.4501953125,8556.25,8441.2998046875,8462.349609375,154400,-0.007418833032042493,-0.00744648944425946
2015-08-12,8445.7001953125,8446.9501953125,8337.9501953125,8349.4501953125,190000,-0.013341379081930671,-0.013431174840318333
2015-08-13,8384.4501953125,8429.5,8339.75,8355.849609375,189200,0.0007664473603414823,0.0007661537895581861
2015-08-14,8402.349609375,8530.099609375,8381.2001953125,8518.5498046875,155900,0.01947141259339502,0.01928427002460754
2015-08-17,8530.5,8530.599609375,8428.0498046875,8477.2998046875,174700,-0.004842373519645449,-0.004854135797220708
2015-08-18,8505.849609375,8525.75,8433.599609375,8466.5498046875,153300,-0.0012680924643075908,-0.001268897173926015
2015-08-19,8468.0498046875,8520.4501953125,8425.9501953125,8495.150390625,130500,0.0033780685872379923,0.00337237573051901
2015-08-20,8471.0498046875,8501.349609375,8359.75,8372.75,184100,-0.014408266481082843,-0.014513073495647132
2015-08-21,8305.400390625,8322.2001953125,8225.0498046875,8299.9501953125,201300,-0.008694849922367243,-0.008732870680242016
2015-08-24,8055.9501953125,8060.0498046875,7769.39990234375,7809.0,312400,-0.05915098088055637,-0.0609725995392517
2015-08-25,7895.39990234375,7925.39990234375,7667.25,7880.7001953125,299100,0.009181738418811536,0.009139842514835898
2015-08-26,7865.25,7930.0498046875,7777.10009765625,7791.85009765625,216600,-0.011274391291918318,-0.011338429020653107
2015-08-27,7921.60009765625,7963.60009765625,7862.2998046875,7948.9501953125,305000,0.02016210472317792,0.019961540867943228
2015-08-28,8053.7001953125,8091.7998046875,7961.64990234375,8001.9501953125,195600,0.006667547122292117,0.006645417343079588
2015-08-31,8009.25,8043.60009765625,7947.9501953125,7971.2998046875,198200,-0.003830365083121179,-0.0038377197180878234
2015-09-01,7907.9501953125,7929.10009765625,7746.5,7785.85009765625,184900,-0.023264675971940818,-0.02353957047024599
2015-09-02,7856.64990234375,7862.5498046875,7699.25,7717.0,215300,-0.0088429775544967,-0.008882308721944062
2015-09-03,7774.4501953125,7845.60009765625,7754.0498046875,7823.0,155800,0.013735907736166952,0.01364242522747763
2015-09-04,7803.39990234375,7804.89990234375,7626.85009765625,7655.0498046875,193600,-0.021468770971813878,-0.021702577450189775
2015-09-07,7685.85009765625,7705.0498046875,7545.89990234375,7558.7998046875,141400,-0.01257339958011272,-0.012653113658095735
2015-09-08,7587.7001953125,7720.89990234375,7539.5,7688.25,172200,0.017125760525132927,0.016980767754825463
2015-09-09,7805.85009765625,7846.0498046875,7764.5498046875,7818.60009765625,208400,0.01695445617094271,0.016812333537542277
2015-09-10,7729.0498046875,7819.85009765625,7678.5,7788.10009765625,160300,-0.0039009540862875447,-0.003908582653268309
2015-09-11,7833.7998046875,7864.85009765625,7759.89990234375,7789.2998046875,136400,0.00015404360706794407,0.00015403174356981987
2015-09-14,7811.10009765625,7879.9501953125,7761.85009765625,7872.25,122800,0.010649249276883932,0.010592945398427487
2015-09-15,7867.35009765625,7880.0,7799.75,7829.10009765625,136500,-0.005481266771729776,-0.00549634403468119
2015-09-16,7886.85009765625,7913.89990234375,7853.2998046875,7899.14990234375,140000,0.008947363530129149,0.008907573043561995
2015-09-18,7967.4501953125,8055.0,7955.85009765625,7981.89990234375,241800,0.010475810818002973,0.010421319740291772
2015-09-21,7911.5,7987.89990234375,7908.35009765625,7977.10009765625,121800,-0.0006013361162410247,-0.0006015169913181517
2015-09-22,8014.7998046875,8021.60009765625,7787.75,7812.0,168400,-0.02069675641963653,-0.020913936119176794
2015-09-23,7737.35009765625,7882.89990234375,7723.25,7845.9501953125,146700,0.004345903137800811,0.004336486972064778
2015-09-24,7838.39990234375,7894.5,7804.10009765625,7868.5,202500,0.002874069312977845,0.0028699470722847766
2015-09-28,7892.7998046875,7893.9501953125,7787.9501953125,7795.7001953125,136300,-0.009252056260723118,-0.009295122372462671
2015-09-29,7725.7001953125,7926.5498046875,7691.2001953125,7843.2998046875,240700,0.006105879931557867,0.006087314580231289
2015-09-30,7924.25,7957.7001953125,7874.5,7948.89990234375,210700,0.013463733413981993,0.01337390276102144
2015-10-01,7992.0498046875,8008.25,7930.64990234375,7950.89990234375,156900,0.00025160714370175974,0.0002515754959328041
2015-10-05,8005.10009765625,8128.89990234375,8005.10009765625,8119.2998046875,183100,0.02117998017986733,0.02095880198216427
2015-10-06,8180.4501953125,8180.9501953125,8096.5,8152.89990234375,178500,0.004138299910646515,0.004129760698013392
2015-10-07,8146.2001953125,8188.89990234375,8132.89990234375,8177.39990234375,193900,0.0030050657181448504,0.003000559533489925
2015-10-08,8196.75,8196.75,8105.85009765625,8129.35009765625,171700,-0.005875926976951273,-0.00589325816039762
2015-10-09,8186.35009765625,8232.2001953125,8139.64990234375,8189.7001953125,199700,0.00742372968703231,0.007396309429230271
2015-10-12,8231.5,8244.5,8128.2001953125,8143.60009765625,199100,-0.005629033610123568,-0.005644936325841478
2015-10-13,8121.9501953125,8150.25,8088.60009765625,8131.7001953125,145900,-0.0014612581906097155,-0.0014623268695636497
2015-10-14,8102.39990234375,8139.2998046875,8096.35009765625,8107.89990234375,138900,-0.002926853228365389,-0.002931144839264699
2015-10-15,8134.35009765625,8190.5498046875,8129.7998046875,8179.5,167200,0.008830905477206663,0.008792141080753622
2015-10-16,8193.650390625,8246.400390625,8147.64990234375,8238.150390625,156400,0.007170412693318751,0.007144827515608405
2015-10-19,8262.5498046875,8283.0498046875,8239.2001953125,8275.0498046875,124500,0.004479089639404021,0.00446908837067067
2015-10-20,8280.2998046875,8294.0498046875,8229.2001953125,8261.650390625,155100,-0.0016192547934769097,-0.0016205672034621203
2015-10-21,8258.349609375,8294.400390625,8217.150390625,8251.7001953125,144800,-0.001204383487806604,-0.0012051093404612868
2015-10-23,8308.25,8328.099609375,8280.75,8295.4501953125,152000,0.005301937657024025,0.005287931868963474
2015-10-26,8333.650390625,8336.2998046875,8252.0498046875,8260.5498046875,133900,-0.004207172582956553,-0.004216047634858218
2015-10-27,8230.349609375,8241.9501953125,8217.0498046875,8232.900390625,156700,-0.0033471638954116756,-0.003352778179937369
2015-10-28,8188.89990234375,8209.099609375,8131.7998046875,8171.2001953125,188900,-0.007494344931314734,-0.007522568634822207
2015-10-29,8175.4501953125,8179.60009765625,8098.0,8111.75,217500,-0.00727557689096936,-0.0073021729802976425
2015-10-30,8123.5498046875,8146.10009765625,8044.39990234375,8065.7998046875,199500,-0.005664646384873739,-0.005680751342262694
2015-11-02,8054.5498046875,8060.7001953125,7995.60009765625,8050.7998046875,136100,-0.0018597039801661053,-0.0018614353765358403
2015-11-03,8086.35009765625,8100.35009765625,8031.75,8060.7001953125,132500,0.0012297400090901522,0.0012289844981697455
2015-11-04,8104.89990234375,8116.10009765625,8027.2998046875,8040.2001953125,122100,-0.0025432033822472278,-0.0025464428174963505
2015-11-05,8030.35009765625,8031.2001953125,7944.10009765625,7955.4501953125,132100,-0.010540782311541208,-0.010596729858654794
2015-11-06,7956.5498046875,8002.64990234375,7926.14990234375,7954.2998046875,219500,-0.00014460408861305396,-0.00014461454479229208
2015-11-09,7788.25,7937.75,7771.7001953125,7915.2001953125,211800,-0.004915531264230055,-0.004927652224989373
2015-11-10,7877.60009765625,7885.10009765625,7772.85009765625,7783.35009765625,165200,-0.01665783484975325,-0.016798136847989233
2015-11-13,7762.4501953125,7775.10009765625,7730.89990234375,7762.25,160900,-0.002710927478722036,-0.0027146086971354118
2015-11-16,7732.9501953125,7838.85009765625,7714.14990234375,7806.60009765625,149500,0.005713562131630656,0.005697301642988936
2015-11-17,7848.75,7860.4501953125,7793.0,7837.5498046875,145000,0.00396455648349936,0.0039567183391247835
2015-11-18,7823.14990234375,7843.39990234375,7725.0498046875,7731.7998046875,143600,-0.01349273722468125,-0.013584591382027576
2015-11-19,7788.5,7854.89990234375,7765.4501953125,7842.75,132600,0.014349853606560714,0.014247868942778304
2015-11-20,7841.89990234375,7906.9501953125,7817.7998046875,7856.5498046875,151900,0.0017595619760288894,0.0017580157603643014
2015-11-23,7869.5,7877.5,7825.2001953125,7849.25,127000,-0.0009291361817810317,-0.0009295680963622142
2015-11-24,7837.0,7870.35009765625,7812.64990234375,7831.60009765625,130600,-0.002248610038379506,-0.0022511419581774496
2015-11-26,7837.14990234375,7897.10009765625,7832.0,7883.7998046875,219800,0.006665267171503286,0.006643152490718722
2015-11-27,7910.60009765625,7959.2998046875,7879.4501953125,7942.7001953125,150300,0.0074710662477730505,0.007443296061827621
2015-11-30,7936.25,7966.0,7922.7998046875,7935.25,216300,-0.0009379927643368147,-0.000938432954834984
2015-12-01,7958.14990234375,7972.14990234375,7934.14990234375,7954.89990234375,138600,0.0024762801857218797,0.0024732192560477395
2015-12-02,7976.7001953125,7979.2998046875,7910.7998046875,7931.35009765625,126300,-0.00296041496142041,-0.0029648056574549755
2015-12-03,7902.2998046875,7912.2998046875,7853.2998046875,7864.14990234375,125700,-0.008472730932953976,-0.008508828559286395
2015-12-04,7817.60009765625,7821.39990234375,7775.7001953125,7781.89990234375,152500,-0.010458854551524621,-0.010513932743920033
2015-12-07,7816.5498046875,7825.39990234375,7746.0498046875,7765.39990234375,137600,-0.0021203048364873966,-0.0021225558652615325
2015-12-08,7738.5,7771.25,7685.4501953125,7701.7001953125,135100,-0.00820301695113268,-0.008236846826399094
2015-12-09,7695.5,7702.85009765625,7606.89990234375,7612.5,140000,-0.011581883616657795,-0.011649476035916928
2015-12-10,7643.2998046875,7691.9501953125,7610.0,7683.2998046875,140800,0.00930046695402309,0.009257483913935133
2015-12-11,7699.60009765625,7703.0498046875,7575.2998046875,7610.4501953125,167800,-0.00948155235730297,-0.009526788440796045
2015-12-14,7558.2001953125,7663.9501953125,7551.0498046875,7650.0498046875,148900,0.005203320218742258,0.0051898297247641055
2015-12-15,7659.14990234375,7705.0,7625.10009765625,7700.89990234375,134300,0.006647028314128445,0.006625034231155874
2015-12-16,7725.25,7776.60009765625,7715.75,7750.89990234375,154300,0.006492747683265243,0.006471760590641962
2015-12-17,7783.0498046875,7852.89990234375,7737.5498046875,7844.35009765625,175900,0.012056689737954374,0.011984586823973591
2015-12-18,7828.89990234375,7836.14990234375,7753.35009765625,7761.9501953125,191400,-0.010504363180879661,-0.010559923429662535
2015-12-21,7745.64990234375,7840.75,7733.4501953125,7834.4501953125,126300,0.009340436124388285,0.009297083993681328
2015-12-22,7829.39990234375,7846.2998046875,7776.85009765625,7786.10009765625,125700,-0.006171472975241898,-0.006190595230165718
2015-12-23,7830.4501953125,7871.4501953125,7826.10009765625,7865.9501953125,117900,0.01025546764808305,0.010203237135106905
2015-12-24,7888.75,7888.75,7835.5,7861.0498046875,93500,-0.0006229877514251081,-0.0006231818889286995
2015-12-28,7863.2001953125,7937.2001953125,7863.0,7925.14990234375,122900,0.008154139618607559,0.008121074246974173
2015-12-29,7929.2001953125,7942.14990234375,7902.75,7928.9501953125,113000,0.0004795231655652099,0.0004794082310730862
2015-12-30,7938.60009765625,7944.75,7889.85009765625,7896.25,106800,-0.004124151937772491,-0.004132679706995248
2015-12-31,7897.7998046875,7955.5498046875,7891.14990234375,7946.35009765625,150900,0.006344796283837217,0.006324752800432643
2016-01-04,7924.5498046875,7937.5498046875,7781.10009765625,7791.2998046875,134700,-0.01951213966956744,-0.019705014523420224
2016-01-05,7828.39990234375,7831.2001953125,7763.25,7784.64990234375,145200,-0.0008535035886758635,-0.0008538680302466864
2016-01-06,7788.0498046875,7800.9501953125,7721.2001953125,7741.0,147100,-0.005607176031205752,-0.005622955254962513
2016-01-07,7673.35009765625,7674.9501953125,7556.60009765625,7568.2998046875,188900,-0.022309804329221028,-0.022562432473354942
2016-01-08,7611.64990234375,7634.10009765625,7581.0498046875,7601.35009765625,157400,0.004366937597831466,0.004357430194614917
2016-01-11,7527.4501953125,7605.10009765625,7494.35009765625,7563.85009765625,189000,-0.00493333414699082,-0.00494554321070581
2016-01-12,7587.2001953125,7588.2998046875,7487.7998046875,7510.2998046875,163900,-0.007079766557687717,-0.007104947023205757
2016-01-13,7557.89990234375,7590.9501953125,7425.7998046875,7562.39990234375,215200,0.006937152844914696,0.00691320150571891
2016-01-14,7467.39990234375,7604.7998046875,7443.7998046875,7536.7998046875,200800,-0.003385181686611949,-0.0033909243778356985
2016-01-15,7561.64990234375,7566.5,7427.2998046875,7437.7998046875,197500,-0.013135548583687595,-0.013222582904531205
2016-01-18,7420.35009765625,7463.64990234375,7336.39990234375,7351.0,233600,-0.01167009155487031,-0.01173872154132596
2016-01-19,7381.7998046875,7462.75,7364.14990234375,7435.10009765625,188300,0.011440633608522655,0.011375684463334866
2016-01-20,7357.0,7470.89990234375,7241.5,7309.2998046875,225600,-0.01691978471256972,-0.017064559633827973
2016-01-21,7376.64990234375,7398.7001953125,7250.0,7276.7998046875,240700,-0.004446390334017725,-0.004456304927870771
2016-01-22,7355.7001953125,7433.39990234375,7327.60009765625,7422.4501953125,229200,0.020015720445019758,0.019818039378412727
2016-01-25,7468.75,7487.14990234375,7421.2001953125,7436.14990234375,163200,0.0018457122204607046,0.0018440109866640082
2016-01-27,7469.60009765625,7477.89990234375,7419.7001953125,7437.75,187600,0.00021517824106065397,0.00021515509354344282
2016-01-28,7426.5,7468.85009765625,7409.60009765625,7424.64990234375,274500,-0.001761298464757477,-0.0017628513745914778
2016-01-29,7413.35009765625,7575.64990234375,7402.7998046875,7563.5498046875,298700,0.018707939656508632,0.018535098493895702
2016-02-01,7589.5,7600.4501953125,7541.25,7555.9501953125,200400,-0.0010047675458274563,-0.001005272663116682
2016-02-02,7566.64990234375,7576.2998046875,7428.0498046875,7455.5498046875,230200,-0.013287592960483763,-0.013376662920665904
2016-02-03,7392.4501953125,7419.39990234375,7350.2998046875,7361.7998046875,192000,-0.01257452534768888,-0.012654253761286621
2016-02-04,7411.4501953125,7457.0498046875,7365.9501953125,7404.0,222700,0.005732320415128722,0.00571595318480905
2016-02-05,7418.25,7503.14990234375,7406.64990234375,7489.10009765625,249800,0.011493800331746407,0.011428248424226505
2016-02-08,7489.7001953125,7512.5498046875,7363.2001953125,7387.25,171500,-0.013599777854234385,-0.013693101923425259
2016-02-09,7303.9501953125,7323.4501953125,7275.14990234375,7298.2001953125,212100,-0.012054527014450533,-0.012127772043135017
2016-02-10,7264.2998046875,7271.85009765625,7177.75,7215.7001953125,246900,-0.011304156886925099,-0.011368534484495037
2016-02-11,7203.60009765625,7208.64990234375,6959.9501953125,6976.35009765625,292300,-0.03317073758299127,-0.03373336331978199
2016-02-12,7023.64990234375,7034.7998046875,6869.0,6980.9501953125,333900,0.0006593845767279838,0.0006591672782349067
2016-02-15,7057.35009765625,7182.7998046875,7056.7998046875,7162.9501953125,354200,0.02607094949942601,0.02573689591661371
2016-02-16,7201.25,7204.64990234375,7037.7001953125,7048.25,253800,-0.016012982386442,-0.01614257549907488
2016-02-17,7058.85009765625,7123.7001953125,6960.64990234375,7108.4501953125,260000,0.008541154940942874,0.008504885651830765
2016-02-18,7177.39990234375,7215.10009765625,7127.85009765625,7191.75,246700,0.011718419964794835,0.011650291007518507
2016-02-19,7170.5498046875,7226.85009765625,7145.9501953125,7210.75,192300,0.0026419160844022294,0.002638432358562314
2016-02-22,7208.85009765625,7252.39990234375,7200.7001953125,7234.5498046875,154400,0.0033006004489823937,0.0032951654232690796
2016-02-23,7240.2998046875,7241.7001953125,7090.7001953125,7109.5498046875,194400,-0.017278200216274464,-0.017429210300505937
2016-02-24,7075.0,7090.7998046875,7009.75,7018.7001953125,199700,-0.012778531956425754,-0.0128608796700014
2016-02-25,7029.85009765625,7034.2001953125,6961.39990234375,6970.60009765625,283100,-0.006853134671341854,-0.006876725240095017
2016-02-26,7039.2998046875,7052.89990234375,6985.10009765625,7029.75,206700,0.008485625558068977,0.008449825021575584
2016-02-29,7050.4501953125,7094.60009765625,6825.7998046875,6987.0498046875,473400,-0.006074212498666354,-0.006092735574228962
2016-03-01,7038.25,7235.5,7035.10009765625,7222.2998046875,275100,0.03366943224623564,0.03311502695088197
2016-03-02,7321.7001953125,7380.35009765625,7308.14990234375,7368.85009765625,338500,0.020291361052837242,0.02008823459754814
2016-03-03,7429.5498046875,7483.9501953125,7406.0498046875,7475.60009765625,278600,0.014486656477644022,0.014382727390574045
2016-03-04,7505.39990234375,7505.89990234375,7444.10009765625,7485.35009765625,281700,0.0013042431206367056,0.0013033933343828406
2016-03-08,7486.39990234375,7527.14990234375,7442.14990234375,7485.2998046875,257000,-6.71885323921817e-06,-6.718875810813698e-06
2016-03-09,7436.10009765625,7539.0,7424.2998046875,7531.7998046875,245100,0.006212176026787919,0.006192960002448895
2016-03-10,7545.35009765625,7547.10009765625,7447.39990234375,7486.14990234375,224700,-0.006060955352974129,-0.006079397498643517
2016-03-11,7484.85009765625,7543.9501953125,7460.60009765625,7510.2001953125,198700,0.0032126384433233124,0.0032074889464729544
2016-03-14,7542.60009765625,7583.7001953125,7515.0498046875,7538.75,166900,0.0038014705260878134,0.0037942631968658764
2016-03-15,7535.85009765625,7545.2001953125,7452.7998046875,7460.60009765625,193700,-0.010366427105786724,-0.010420532757604035
2016-03-16,7457.0498046875,7508.0,7405.14990234375,7498.75,195400,0.005113516586384925,0.005100486959710426
2016-03-17,7557.39990234375,7585.2998046875,7479.39990234375,7512.5498046875,239600,0.0018402806717785491,0.0018385894298917032
2016-03-18,7534.64990234375,7613.60009765625,7517.89990234375,7604.35009765625,237400,0.012219591930221929,0.012145535400108631
2016-03-21,7619.2001953125,7713.5498046875,7617.7001953125,7704.25,196800,0.013137204502793765,0.013051659829120443
2016-03-22,7695.5498046875,7728.2001953125,7643.7998046875,7714.89990234375,208900,0.001382341219943628,0.0013813866658977931
2016-03-23,7717.4501953125,7726.85009765625,7670.60009765625,7716.5,199600,0.00020740355370829633,0.000207382048564695
2016-03-28,7741.0,7749.39990234375,7587.7001953125,7615.10009765625,242400,-0.013140659929210097,-0.013227762297457975
2016-03-29,7606.5498046875,7652.89990234375,7582.25,7597.0,216800,-0.0023768693023248355,-0.0023796985402065656
2016-03-30,7651.10009765625,7741.9501953125,7643.4501953125,7735.2001953125,232600,0.01819141704784788,0.018027932915947852
2016-03-31,7727.64990234375,7777.60009765625,7702.0,7738.39990234375,380100,0.00041365536126503066,0.0004135698294723892
2016-04-01,7718.0498046875,7740.14990234375,7666.10009765625,7713.0498046875,183900,-0.0032758836421172832,-0.0032812610960895605
2016-04-04,7733.14990234375,7764.4501953125,7704.39990234375,7758.7998046875,155500,0.005931505845093277,0.005913983718554631
2016-04-05,7736.2998046875,7736.2998046875,7588.64990234375,7603.2001953125,203800,-0.02005459778469787,-0.020258420894693874
2016-04-06,7636.0498046875,7638.64990234375,7591.75,7614.35009765625,165600,0.0014664749128432408,0.0014654006885952725
2016-04-07,7630.39990234375,7630.75,7535.85009765625,7546.4501953125,234400,-0.00891736017820488,-0.008957357794121351
2016-04-08,7542.35009765625,7569.35009765625,7526.7001953125,7555.2001953125,143400,0.0011594855559287076,0.001158813871706803
2016-04-11,7577.7998046875,7678.7998046875,7516.85009765625,7671.39990234375,179800,0.015380096361092388,0.015263021567415073
2016-04-12,7669.25,7717.39990234375,7663.35009765625,7708.9501953125,163400,0.004894842329530746,0.0048829015384887434
2016-04-13,7777.14990234375,7864.7998046875,7772.2001953125,7850.4501953125,220400,0.018355287868643932,0.018188863004861715
2016-04-18,7908.14990234375,7920.60009765625,7842.75,7914.7001953125,184600,0.008184244011682829,0.008150934704248517
2016-04-20,7950.0498046875,7950.39990234375,7877.5498046875,7914.75,205300,6.292681500319475e-06,6.292661701482301e-06
2016-04-21,7953.64990234375,7978.4501953125,7884.10009765625,7912.0498046875,223700,-0.0003411598992387743,-0.00034121810751646184
2016-04-22,7891.7998046875,7923.35009765625,7873.35009765625,7899.2998046875,183300,-0.0016114660947212922,-0.0016127659027939515
2016-04-25,7894.7998046875,7911.0,7827.0,7855.0498046875,146300,-0.005601762319964343,-0.005617511031739854
2016-04-26,7828.14990234375,7974.5,7822.5498046875,7962.64990234375,202400,0.013698206928241197,0.013605234565983467
2016-04-27,7942.0,7991.0,7940.5498046875,7979.89990234375,206800,0.0021663642394880167,0.002164021055994669
2016-04-28,7967.39990234375,7992.0,7834.4501953125,7847.25,292500,-0.016623003291656557,-0.016762715869970777
2016-04-29,7844.25,7889.0498046875,7788.7001953125,7849.7998046875,243700,0.00032492971263820003,0.0003248769344116223
2016-05-02,7822.7001953125,7829.7998046875,7777.2998046875,7805.89990234375,146300,-0.005592486870497626,-0.005608183374211703
2016-05-03,7824.7998046875,7890.25,7735.14990234375,7747.0,186500,-0.0075455620851691,-0.007574173857563739
2016-05-04,7724.14990234375,7749.0,7697.25,7706.5498046875,199700,-0.0052214012278947175,-0.005235080380291306
2016-05-05,7731.0,7777.5498046875,7706.85009765625,7735.5,185100,0.003756570196288278,0.003749531907512104
2016-05-06,7717.64990234375,7738.89990234375,7678.35009765625,7733.4501953125,163600,-0.00026498670900398924,-0.00026502182418547155
2016-05-09,7755.25,7873.64990234375,7753.5498046875,7866.0498046875,160600,0.01714624210748439,0.017000904277695215
2016-05-10,7873.5498046875,7896.89990234375,7837.7001953125,7887.7998046875,162000,0.002765047328716186,0.0027612316174809364
2016-05-11,7804.64990234375,7893.10009765625,7780.89990234375,7848.85009765625,214100,-0.00493796850778383,-0.004950200558543867
2016-05-12,7871.4501953125,7916.0498046875,7849.64990234375,7900.39990234375,152700,0.006567816182767139,0.006546342052207653
2016-05-13,7881.0,7881.0,7784.2001953125,7814.89990234375,179500,-0.010822236982540034,-0.010881223351540733
2016-05-16,7831.2001953125,7873.89990234375,7772.14990234375,7860.75,205200,0.005867010227795566,0.005849866346159204
2016-05-17,7896.85009765625,7940.10009765625,7879.7001953125,7890.75,183400,0.003816429729987636,0.0038091656381104887
2016-05-18,7846.75,7882.0498046875,7810.75,7870.14990234375,156400,-0.002610664088489645,-0.002614077814670393
2016-05-19,7875.5,7876.2001953125,7766.7998046875,7783.39990234375,170400,-0.011022661712474568,-0.011083861385826453
2016-05-20,7792.2001953125,7812.39990234375,7735.75,7749.7001953125,157000,-0.0043296897826234915,-0.004339090032687426
2016-05-23,7813.9501953125,7820.60009765625,7722.2001953125,7731.0498046875,172000,-0.0024065951139995434,-0.0024094956185153732
2016-05-24,7738.0498046875,7761.5498046875,7715.7998046875,7748.85009765625,147000,0.002302441895789764,0.0022997953380331686
2016-05-25,7811.7998046875,7941.2001953125,7809.2998046875,7934.89990234375,176200,0.024009988881288802,0.023726281336622208
2016-05-26,7974.4501953125,8083.0,7948.5,8069.64990234375,264300,0.016981940750153468,0.016839359534278495
2016-05-27,8081.9501953125,8164.2001953125,8077.0498046875,8156.64990234375,260900,0.010781136858828422,0.010723434761836886
2016-05-30,8166.5,8200.0,8150.7998046875,8178.5,247400,0.0026788078338353394,0.002675226223002301
2016-05-31,8209.849609375,8213.599609375,8134.2998046875,8160.10009765625,471000,-0.0022497893677019265,-0.0022523239460265896
2016-06-01,8179.2001953125,8215.349609375,8171.0498046875,8179.9501953125,194400,0.0024325801667495206,0.0024296262330994575
2016-06-02,8156.89990234375,8229.5,8154.75,8218.9501953125,181700,0.00476775519028827,0.004756425442880727
2016-06-03,8246.2001953125,8262.0,8209.849609375,8220.7998046875,379000,0.00022504204686080165,0.00022501672869773692
2016-06-06,8228.75,8234.7001953125,8186.0498046875,8201.0498046875,171600,-0.002402442641741276,-0.0024053331374929024
2016-06-07,8235.5498046875,8294.9501953125,8216.400390625,8266.4501953125,241900,0.007974636440766236,0.007943007071457264
2016-06-08,8285.5,8288.900390625,8252.0498046875,8273.0498046875,174300,0.0007983607496653278,0.0007980422292402209
2016-06-09,8273.349609375,8273.349609375,8184.60009765625,8203.599609375,174900,-0.0083947512649023,-0.008430185637149968
2016-06-10,8180.25,8265.599609375,8162.85009765625,8170.0498046875,182200,-0.004089644337244347,-0.004098029802836798
2016-06-13,8102.25,8125.25,8063.89990234375,8110.60009765625,169700,-0.007276541569812833,-0.007303144729646939
2016-06-14,8134.39990234375,8134.9501953125,8069.5,8108.85009765625,145500,-0.00021576701833758705,-0.00021579029938960387
2016-06-15,8139.39990234375,8213.2001953125,8123.14990234375,8206.599609375,169800,0.012054669964487674,0.011982591110193301
2016-06-16,8180.64990234375,8180.64990234375,8074.4501953125,8140.75,189200,-0.008023982222768011,-0.008056347617289792
2016-06-17,8176.64990234375,8195.25,8135.7998046875,8170.2001953125,166600,0.003617626792678852,0.0036110989197415846
2016-06-20,8115.75,8244.150390625,8107.35009765625,8238.5,168600,0.008359624373303065,0.008324876233428225
2016-06-21,8255.400390625,8257.25,8202.150390625,8219.900390625,137000,-0.002257645126540031,-0.0022601974495153427
2016-06-22,8213.650390625,8238.349609375,8153.25,8203.7001953125,136100,-0.0019708505629796313,-0.001972795244488282
2016-06-23,8201.150390625,8285.599609375,8188.2998046875,8270.4501953125,154100,0.008136572328440339,0.00810364889252149
2016-06-24,8029.10009765625,8100.7001953125,7927.0498046875,8088.60009765625,297600,-0.021987932139331257,-0.02223326969761141
2016-06-27,8039.35009765625,8120.64990234375,8039.35009765625,8094.7001953125,162500,0.0007541598771854119,0.0007538756415223447
2016-06-28,8096.0498046875,8146.35009765625,8086.85009765625,8127.85009765625,170400,0.004095260052119798,0.004086897298664459
2016-06-29,8173.10009765625,8212.400390625,8157.64990234375,8204.0,147000,0.009369009200318468,0.009325392253691965
2016-06-30,8260.25,8308.150390625,8242.099609375,8287.75,279400,0.010208434909800168,0.010156680759383653
2016-07-01,8313.0498046875,8356.75,8308.650390625,8328.349609375,165500,0.00489874928358125,0.004886789454209853
2016-07-04,8376.75,8398.4501953125,8364.7001953125,8370.7001953125,154200,0.005085111447510116,0.005072225932684971
2016-07-05,8379.2998046875,8381.4501953125,8319.9501953125,8335.9501953125,139000,-0.0041513850919495665,-0.00416002601386157
2016-07-07,8342.0,8361.9501953125,8317.7001953125,8337.900390625,155500,0.00023394997172565546,0.0002339226096985007
2016-07-08,8350.0,8353.2998046875,8287.5498046875,8323.2001953125,137900,-0.0017630571995113087,-0.0017646132140196943
2016-07-11,8413.349609375,8475.25,8407.0498046875,8467.900390625,149800,0.017385163388715874,0.01723577043083921
2016-07-12,8502.599609375,8526.599609375,8479.2001953125,8521.0498046875,183600,0.006276575256050743,0.006256959594241648
2016-07-13,8540.4501953125,8550.25,8493.5498046875,8519.5,195500,-0.00018187954806314632,-0.0001818960901539572
2016-07-14,8515.75,8571.400390625,8500.7001953125,8565.0,153900,0.005340689007570898,0.005326478102926448
2016-07-15,8565.4501953125,8594.7998046875,8510.0498046875,8541.400390625,221700,-0.0027553542761237226,-0.0027591572520208334
2016-07-18,8564.0498046875,8587.099609375,8494.349609375,8508.7001953125,164300,-0.003828434895569499,-0.0038357821106622886
2016-07-19,8514.2998046875,8540.0498046875,8476.7001953125,8528.5498046875,167900,0.0023328603569714446,0.0023301434628515147
2016-07-20,8515.4501953125,8569.900390625,8512.5498046875,8565.849609375,160300,0.004373522526303297,0.004363986470652139
2016-07-21,8582.7001953125,8585.25,8503.4501953125,8510.099609375,150000,-0.006508402848794281,-0.00652967485068765
2016-07-22,8519.650390625,8548.9501953125,8489.7998046875,8541.2001953125,143200,0.003654550165692383,0.0036478885225085054
2016-07-25,8519.9501953125,8641.150390625,8517.2001953125,8635.650390625,150000,0.011058187743255843,0.010997493024321226
2016-07-26,8633.75,8644.900390625,8577.150390625,8590.650390625,154800,-0.005210956669673972,-0.005224581055714631
2016-07-27,8599.400390625,8665.0,8572.0498046875,8615.7998046875,184100,0.0029275331807177007,0.0029232563005614403
2016-07-28,8636.9501953125,8674.7001953125,8625.25,8666.2998046875,233500,0.005861324676151858,0.005844213941164874
2016-07-29,8668.2998046875,8670.349609375,8631.150390625,8638.5,157000,-0.003207805558776422,-0.0032129615963578163
2016-08-01,8654.2998046875,8711.2998046875,8590.5,8636.5498046875,188400,-0.00022575624385023918,-0.00022578173062699604
2016-08-02,8647.4501953125,8687.2001953125,8611.400390625,8622.900390625,169400,-0.001580424402241265,-0.0015816745902789463
2016-08-03,8635.2001953125,8635.4501953125,8529.599609375,8544.849609375,163000,-0.009051569392458547,-0.009092783738205783
2016-08-04,8599.9501953125,8601.400390625,8518.150390625,8551.099609375,164700,0.0007314347572768831,0.0007311673892417124
2016-08-05,8600.2001953125,8689.400390625,8590.150390625,8683.150390625,157900,0.015442549763450941,0.015324527088340225
2016-08-08,8712.849609375,8723.5,8697.599609375,8711.349609375,172600,0.0032475792173825013,0.003242317221417232
2016-08-09,8727.7998046875,8728.349609375,8638.2001953125,8678.25,200100,-0.003799596028080332,-0.0038068328301676924
2016-08-10,8686.7001953125,8690.099609375,8564.599609375,8575.2998046875,173600,-0.011863013316336768,-0.0119339403558223
2016-08-11,8572.7998046875,8601.150390625,8540.0498046875,8592.150390625,189200,0.00196501420606765,0.001963086091088332
2016-08-16,8670.25,8682.349609375,8600.4501953125,8642.5498046875,224800,0.0058657509204553815,0.0058486143833095606
2016-08-17,8639.7998046875,8667.099609375,8603.599609375,8624.0498046875,174100,-0.0021405719860551065,-0.0021428662849281455
2016-08-18,8648.849609375,8690.7001953125,8645.0498046875,8673.25,164300,0.0057049989769026865,0.005688787100174632
2016-08-19,8694.2998046875,8696.599609375,8647.099609375,8666.900390625,191900,-0.0007320911278931863,-0.0007323592374647016
2016-08-22,8667.0,8684.849609375,8614.0,8629.150390625,152300,-0.0043556517669032235,-0.004365165253066113
2016-08-23,8628.349609375,8642.150390625,8580.0,8632.599609375,187500,0.0003997170745508871,0.0003996372089627608
2016-08-24,8648.5,8661.0498046875,8620.900390625,8650.2998046875,149600,0.0020503899304304962,0.0020482907499330422
2016-08-25,8668.849609375,8683.0498046875,8583.650390625,8592.2001953125,213100,-0.006716485056797228,-0.006739142150229588
2016-08-26,8614.349609375,8622.9501953125,8547.5498046875,8572.5498046875,147500,-0.0022870033493540554,-0.0022896225356679534
2016-08-29,8583.75,8622.0,8543.75,8607.4501953125,129700,0.004071179686342186,0.00406291485846204
2016-08-30,8646.75,8750.599609375,8642.25,8744.349609375,150200,0.015904758198549196,0.015779602831678955
2016-08-31,8754.0498046875,8819.2001953125,8754.0498046875,8786.2001953125,362200,0.00478601471887985,0.0047745981624819625
2016-09-01,8793.599609375,8813.25,8759.9501953125,8774.650390625,238900,-0.0013145392127147382,-0.0013154039773133465
2016-09-02,8796.349609375,8824.099609375,8768.2001953125,8809.650390625,191500,0.0039887629069979,0.00398082888319566
2016-09-06,8852.7001953125,8950.849609375,8848.4501953125,8943.0,195600,0.015136765190694401,0.015023347446829987
2016-09-07,8968.7001953125,8968.7001953125,8913.349609375,8917.9501953125,290100,-0.002801051625573092,-0.0028049819116828943
2016-09-08,8915.5,8960.349609375,8896.0,8952.5,217200,0.0038741867728371293,0.0038667014380895045
2016-09-09,8934.2998046875,8939.150390625,8858.7001953125,8866.7001953125,175900,-0.009583893290980194,-0.009630114351834806
2016-09-12,8732.9501953125,8746.9501953125,8699.400390625,8715.599609375,184500,-0.017041355026008564,-0.01718822993969123
2016-09-14,8710.650390625,8739.849609375,8688.900390625,8726.599609375,184300,0.0012621047883116798,0.0012613090035687876
2016-09-15,8743.849609375,8751.9501953125,8704.349609375,8742.5498046875,145400,0.001827767518446155,0.0018260991839711186
2016-09-16,8780.849609375,8847.650390625,8750.5,8779.849609375,265800,0.004266467508998506,0.0042573919410826295
2016-09-19,8788.4501953125,8824.2998046875,8774.2001953125,8808.400390625,131700,0.003251853109136782,0.003246577269225301
2016-09-20,8816.099609375,8816.4501953125,8759.2998046875,8775.900390625,136500,-0.0036896597064991488,-0.0036964832905136196
2016-09-21,8790.2998046875,8826.849609375,8757.2998046875,8777.150390625,148800,0.0001424355273373923,0.00014242538436080372
2016-09-22,8873.349609375,8893.349609375,8837.7998046875,8867.4501953125,172800,0.010288054854791007,0.01023549301709891
2016-09-23,8880.75,8885.2001953125,8820.2998046875,8831.5498046875,185900,-0.00404855847332275,-0.004056776073300545
2016-09-26,8807.900390625,8809.5498046875,8715.099609375,8723.0498046875,164000,-0.012285499419638857,-0.01236159001721051
2016-09-27,8748.900390625,8768.5,8690.5,8706.400390625,151400,-0.0019086689214536934,-0.0019104927510736648
2016-09-28,8711.2001953125,8767.0498046875,8703.150390625,8745.150390625,165500,0.004450748674702076,0.004440873383603119
2016-09-29,8792.7001953125,8800.650390625,8558.25,8591.25,372900,-0.0175983698107679,-0.01775506219605918
2016-09-30,8581.5,8637.150390625,8555.2001953125,8611.150390625,181700,0.002316355667103087,0.002313677050935853
2016-10-03,8666.150390625,8745.2001953125,8635.0,8738.099609375,137300,0.014742422671912614,0.014634809521912494
2016-10-04,8770.0,8783.650390625,8736.099609375,8769.150390625,184300,0.0035534936242527237,0.0035471948830647004
2016-10-05,8806.349609375,8806.9501953125,8731.400390625,8743.9501953125,157200,-0.0028737328235858284,-0.002877869921600413
2016-10-06,8768.7001953125,8781.150390625,8684.650390625,8709.5498046875,163600,-0.003934193340149772,-0.00394195263650275
2016-10-07,8721.7001953125,8723.7001953125,8663.7998046875,8697.599609375,150400,-0.0013720795655899343,-0.0013730217286708416
2016-10-10,8735.349609375,8745.7998046875,8703.9501953125,8708.7998046875,108400,0.0012877340663539627,0.0012869056479532695
2016-10-13,8671.5,8681.5498046875,8541.349609375,8573.349609375,212300,-0.015553256286772621,-0.015675477121613476
2016-10-14,8594.0,8604.4501953125,8549.7998046875,8583.400390625,162800,0.0011723284023095193,0.001171641761961016
2016-10-17,8612.9501953125,8615.400390625,8506.150390625,8520.400390625,197400,-0.007339748483457642,-0.007366816969274471
2016-10-18,8556.0498046875,8685.099609375,8555.900390625,8677.900390625,216600,0.01848504680288232,0.018316274989203487
2016-10-19,8697.5,8698.75,8636.7001953125,8659.099609375,172100,-0.002166512682066579,-0.0021688629658940845
2016-10-20,8693.349609375,8727.0,8678.2998046875,8699.400390625,161000,0.004654153788272275,0.004643356702434108
2016-10-21,8708.599609375,8709.099609375,8652.0498046875,8693.0498046875,157300,-0.0007300027188475999,-0.0007302693005771827
2016-10-24,8709.849609375,8736.9501953125,8684.150390625,8708.9501953125,157100,0.0018290923188344355,0.001827421566475664
2016-10-25,8721.7001953125,8722.650390625,8663.4501953125,8691.2998046875,189800,-0.0020266955521803798,-0.0020287520787162444
2016-10-26,8657.2998046875,8657.2998046875,8596.599609375,8615.25,219300,-0.008750107164233856,-0.008788614143283245
2016-10-27,8607.099609375,8624.849609375,8550.25,8615.25,242800,0.0,0.0
2016-10-28,8625.0,8653.75,8581.75,8638.0,175500,0.0026406662604103737,0.0026371858270232084
2016-11-01,8653.150390625,8669.599609375,8614.5,8626.25,165000,-0.0013602685806899384,-0.001361194585834806
2016-11-02,8542.7998046875,8549.5,8504.849609375,8514.0,155300,-0.013012606868569754,-0.013098012546713908
2016-11-03,8499.849609375,8537.650390625,8476.150390625,8484.9501953125,170500,-0.003412004309079175,-0.003417838470350909
2016-11-04,8503.599609375,8504.0,8400.25,8433.75,224800,-0.00603423639902867,-0.006052515976111644
2016-11-07,8535.75,8535.849609375,8481.4501953125,8497.0498046875,172800,0.007505534867348507,0.007477508488472915
2016-11-08,8540.0,8559.400390625,8480.099609375,8543.5498046875,195700,0.005472487636161372,0.005457567982692605
2016-11-09,8067.5,8476.2001953125,8002.25,8432.0,314300,-0.013056610804363489,-0.013142597631657107
2016-11-10,8555.599609375,8598.4501953125,8510.7001953125,8525.75,263100,0.011118358633776193,0.01105700404045472
2016-11-11,8456.650390625,8460.599609375,8284.9501953125,8296.2998046875,266900,-0.026912611243878892,-0.027281387102400093
2016-11-15,8284.849609375,8288.5498046875,8093.2001953125,8108.4501953125,359200,-0.022642577269069153,-0.02290285685988103
2016-11-16,8205.650390625,8210.0498046875,8089.39990234375,8111.60009765625,269500,0.0003884715658204474,0.00038839613027746525
2016-11-17,8105.10009765625,8151.25,8060.2998046875,8079.9501953125,191300,-0.003901807530291679,-0.003909439439923456
2016-11-18,8097.5498046875,8128.9501953125,8048.2998046875,8074.10009765625,161200,-0.000724026450019899,-0.0007242886837538094
2016-11-21,8102.10009765625,8102.4501953125,7916.39990234375,7929.10009765625,218800,-0.017958657713704862,-0.01812187142597807
2016-11-22,7989.14990234375,8019.0498046875,7938.14990234375,8002.2998046875,210200,0.009231779915716665,0.009189427494782599
2016-11-23,8051.2001953125,8055.2001953125,7973.10009765625,8033.2998046875,181000,0.0038738863522509437,0.0038664021768522933
2016-11-24,8011.7998046875,8024.85009765625,7952.5498046875,7965.5,260500,-0.008439844937436325,-0.008475662098624583
2016-11-25,8007.9501953125,8122.25,7976.75,8114.2998046875,177900,0.018680535394827613,0.018508197132649923
2016-11-28,8080.64990234375,8146.5,8066.5,8126.89990234375,189700,0.001552826240037497,0.0015516218520139676
2016-11-29,8131.5498046875,8197.349609375,8128.7001953125,8142.14990234375,189700,0.0018764842908427504,0.001874725893588773
2016-11-30,8172.14990234375,8234.25,8139.25,8224.5,248000,0.01011404833415619,0.010063243621010479
2016-12-01,8244.0,8250.7998046875,8185.0498046875,8192.900390625,157700,-0.00384213136056899,-0.0038495313077255163
2016-12-02,8153.5498046875,8159.2998046875,8070.0498046875,8086.7998046875,171500,-0.012950308300941793,-0.013034894616329137
2016-12-05,8088.75,8141.89990234375,8056.85009765625,8128.75,126500,0.00518749027126697,0.005174081595203409
2016-12-06,8153.14990234375,8178.7001953125,8130.85009765625,8143.14990234375,115300,0.0017714780678148578,0.0017699108511295017
2016-12-07,8168.39990234375,8190.4501953125,8077.5,8102.0498046875,169800,-0.005047198952388254,-0.005059979081726745
2016-12-08,8152.10009765625,8256.25,8151.75,8246.849609375,142500,0.017871996368588716,0.017714169916451
2016-12-09,8271.7001953125,8274.9501953125,8241.9501953125,8261.75,149700,0.0018067979083868924,0.0018051676124941
2016-12-12,8230.650390625,8230.650390625,8154.4501953125,8170.7998046875,108100,-0.011008587201561393,-0.011069630108506541
2016-12-13,8196.150390625,8228.849609375,8155.7998046875,8221.7998046875,184000,0.006241739024219095,0.006222340051564259
2016-12-14,8229.349609375,8229.400390625,8165.10009765625,8182.4501953125,144600,-0.004786009184091999,-0.004797498800311476
2016-12-15,8128.39990234375,8225.900390625,8121.9501953125,8153.60009765625,181800,-0.003525850688682164,-0.0035320811496494836
2016-12-16,8178.2001953125,8178.7001953125,8127.4501953125,8139.4501953125,203000,-0.001735417750965862,-0.0017369253327930302
2016-12-19,8126.0,8132.5,8094.85009765625,8104.35009765625,107400,-0.004312342580149231,-0.004321667547371758
2016-12-20,8110.60009765625,8124.10009765625,8062.75,8082.39990234375,128000,-0.0027084460873485483,-0.0027121205636996375
2016-12-21,8105.85009765625,8112.5498046875,8053.25,8061.2998046875,123700,-0.0026106228238139684,-0.0026140364419853872
2016-12-22,8043.85009765625,8046.4501953125,7964.9501953125,7979.10009765625,122600,-0.010196830414798908,-0.010249174221346512
2016-12-23,7972.5,8022.60009765625,7942.0498046875,7985.75,124100,0.0008334150796909245,0.0008330679821808747
2016-12-26,7965.10009765625,7970.0498046875,7893.7998046875,7908.25,106900,-0.009704786651222541,-0.009752185003088458
2016-12-27,7915.0498046875,8044.64990234375,7903.7001953125,8032.85009765625,118800,0.01575571051196545,0.015632877835896817
2016-12-28,8047.5498046875,8100.5498046875,8028.39990234375,8034.85009765625,126700,0.00024897763255693484,0.00024894664276991384
2016-12-29,8030.60009765625,8111.10009765625,8020.7998046875,8103.60009765625,178500,0.008556475748073389,0.008520076594398652
2016-12-30,8119.64990234375,8197.0,8114.75,8185.7998046875,127600,0.01014360358861044,0.010092502517199517
2017-01-02,8210.099609375,8212.0,8133.7998046875,8179.5,118300,-0.0007696016073948098,-0.0007698979027411989
2017-01-03,8196.0498046875,8219.099609375,8148.60009765625,8192.25,127300,0.0015587749862460143,0.0015575613575361691
2017-01-04,8202.650390625,8218.5,8180.89990234375,8190.5,132400,-0.00021361652781592966,-0.00021363934707617968
2017-01-05,8226.650390625,8282.650390625,8223.7001953125,8273.7998046875,159100,0.01017029542610337,0.01011892597298775
2017-01-06,8281.849609375,8306.849609375,8233.25,8243.7998046875,139400,-0.0036259035398709116,-0.0036324930615801707
2017-01-09,8259.349609375,8263.0,8227.75,8236.0498046875,99100,-0.0009401004613908137,-0.0009405426329750955
2017-01-10,8262.7001953125,8293.7998046875,8261.0,8288.599609375,142900,0.0063804622280927425,0.006360193250249055
2017-01-11,8327.7998046875,8389.0,8322.25,8380.650390625,186500,0.01110570972035907,0.011044494137506545
2017-01-12,8391.0498046875,8417.2001953125,8382.2998046875,8407.2001953125,172600,0.003167988574872327,0.0031629810720875113
2017-01-13,8457.650390625,8461.0498046875,8373.150390625,8400.349609375,185300,-0.0008148474852923693,-0.0008151796539613075
2017-01-16,8390.9501953125,8426.7001953125,8374.400390625,8412.7998046875,124100,0.0014821044232022906,0.0014810071904502009
2017-01-17,8415.0498046875,8440.900390625,8378.2998046875,8398.0,122000,-0.0017592008642893786,-0.001760750075312027
2017-01-18,8403.849609375,8460.2998046875,8397.400390625,8417.0,163800,0.002262443438914019,0.002259887967437504
2017-01-19,8418.400390625,8445.150390625,8404.0498046875,8435.099609375,165900,0.0021503634757038537,0.0021480547533008396
2017-01-20,8404.349609375,8423.650390625,8340.9501953125,8349.349609375,202600,-0.010165855054597661,-0.010217880246458876
2017-01-23,8329.599609375,8404.150390625,8327.2001953125,8391.5,195000,0.005048344194100052,0.005035644029815811
2017-01-24,8407.0498046875,8480.9501953125,8398.150390625,8475.7998046875,179200,0.010045856484240057,0.009995732282151228
2017-01-25,8499.4501953125,8612.599609375,8493.9501953125,8602.75,292500,0.014977960574563243,0.014866898538362306
2017-01-27,8610.5,8672.7001953125,8606.900390625,8641.25,275400,0.00447531312661642,0.004465328690727306
2017-01-30,8635.5498046875,8662.599609375,8617.75,8632.75,304700,-0.0009836539852451365,-0.0009841380903137704
2017-01-31,8629.4501953125,8631.75,8552.400390625,8561.2998046875,521000,-0.008276643631809133,-0.008311085218864388
2017-02-01,8570.349609375,8722.400390625,8537.5,8716.400390625,327700,0.01811647640847469,0.017954328487415367
2017-02-02,8724.75,8757.599609375,8685.7998046875,8734.25,283500,0.002047818890261066,0.002045724967320079
2017-02-03,8735.150390625,8748.25,8707.75,8740.9501953125,191000,0.0007671174184962215,0.0007668233343177947
2017-02-06,8785.4501953125,8814.099609375,8770.2001953125,8801.0498046875,194400,0.006875638006406781,0.006852108598963618
2017-02-07,8805.7001953125,8809.2998046875,8741.0498046875,8768.2998046875,226300,-0.0037211469911869743,-0.003728087682222944
2017-02-08,8774.5498046875,8791.25,8715.0,8769.0498046875,218700,8.55353964515082e-05,8.553173850807276e-05
2017-02-09,8795.5498046875,8821.400390625,8724.099609375,8778.400390625,187500,0.0010663168924529565,0.0010657487804178315
2017-02-10,8812.349609375,8822.099609375,8771.2001953125,8793.5498046875,225900,0.0017257602055471555,0.0017242727924366554
2017-02-13,8819.7998046875,8826.900390625,8754.2001953125,8805.0498046875,204900,0.001307776751758416,0.0013069223565665177
2017-02-14,8819.900390625,8820.4501953125,8772.5,8792.2998046875,188300,-0.0014480326951941125,-0.0014490821077153884
2017-02-15,8778.9501953125,8807.900390625,8712.849609375,8724.7001953125,216100,-0.007688501401983627,-0.007718210304816345
2017-02-16,8739.0,8783.9501953125,8719.599609375,8778.0,184600,0.006109070053333943,0.006090485336691579
2017-02-17,8883.7001953125,8896.4501953125,8804.25,8821.7001953125,298300,0.004978377228582742,0.004966026084143879
2017-02-20,8818.5498046875,8886.25,8809.7998046875,8879.2001953125,167800,0.0065180179247708026,0.006496867502078924
2017-02-21,8890.75,8920.7998046875,8860.9501953125,8907.849609375,175700,0.003226575978951818,0.0032213817527225
2017-02-22,8931.599609375,8960.75,8905.25,8926.900390625,247100,0.0021386509747480797,0.0021363673161383717
2017-02-23,8956.400390625,8982.150390625,8927.5498046875,8939.5,377200,0.0014114204061503877,0.0014104252886116898
2017-02-27,8943.7001953125,8951.7998046875,8888.650390625,8896.7001953125,189900,-0.004787717958219084,-0.00479921579345047
2017-02-28,8898.9501953125,8914.75,8867.599609375,8879.599609375,293600,-0.0019221268068030373,-0.0019239764630964217
2017-03-01,8904.400390625,8960.7998046875,8898.599609375,8945.7998046875,205900,0.007455313102474381,0.007427659614302356
2017-03-02,8982.849609375,8992.5,8879.7998046875,8899.75,218800,-0.0051476453411544165,-0.005160940111567701
2017-03-03,8883.5,8907.099609375,8860.099609375,8897.5498046875,202600,-0.0002472199008398679,-0.0002472504647169898
2017-03-06,8915.099609375,8967.7998046875,8914.0,8963.4501953125,174800,0.00740657732427441,0.00737928331770254
2017-03-07,8977.75,8977.849609375,8932.7998046875,8946.900390625,173400,-0.0018463654426456033,-0.0018480720763560477
2017-03-08,8950.7001953125,8957.0498046875,8891.9501953125,8924.2998046875,177800,-0.0025260799775062015,-0.0025292759007722594
2017-03-09,8914.5,8945.7998046875,8899.5,8927.0,171500,0.0003025666294942386,0.0003025208654424808
2017-03-10,8953.7001953125,8975.7001953125,8903.9501953125,8934.5498046875,152700,0.0008457269729471584,0.0008453695473995277
2017-03-14,9091.650390625,9122.75,9060.5,9087.0,270300,0.017062996865551794,0.016919058968585234
2017-03-15,9086.849609375,9106.5498046875,9075.5,9084.7998046875,240600,-0.0002421255983823256,-0.00024215491551740303
2017-03-16,9129.650390625,9158.4501953125,9128.5498046875,9153.7001953125,208600,0.0075841396735512046,0.0075555246752815495
2017-03-17,9207.7998046875,9218.400390625,9147.599609375,9160.0498046875,286700,0.0006936658662091144,0.000693425391241901
2017-03-20,9166.9501953125,9167.599609375,9116.2998046875,9126.849609375,332100,-0.0036244557639315556,-0.0036310400180971465
2017-03-21,9133.9501953125,9147.75,9087.2001953125,9121.5,247700,-0.0005861397529225432,-0.0005863115999817308
2017-03-22,9047.2001953125,9072.900390625,9019.2998046875,9030.4501953125,232300,-0.009981889457600146,-0.010032042543653485
2017-03-23,9048.75,9099.0498046875,9048.599609375,9086.2998046875,191800,0.006184587497530369,0.006165541424006181
2017-03-24,9104.0,9133.5498046875,9089.400390625,9108.0,203700,0.002388232369495924,0.0023853850750034113
2017-03-27,9093.4501953125,9094.849609375,9024.650390625,9045.2001953125,202700,-0.006895015885759803,-0.006918896341847197
2017-03-28,9081.5,9110.400390625,9079.7998046875,9100.7998046875,183300,0.006146863328001739,0.006128048426003716
2017-03-29,9128.7001953125,9153.150390625,9109.099609375,9143.7998046875,243400,0.004724859454424246,0.004713732341589461
2017-03-30,9142.599609375,9183.150390625,9136.349609375,9173.75,323400,0.003275464899958447,0.0032701122498964663
2017-03-31,9158.900390625,9191.7001953125,9152.099609375,9173.75,190900,0.0,0.0
2017-04-03,9220.599609375,9245.349609375,9192.400390625,9237.849609375,139100,0.006987285393105225,0.006962987433382358
2017-04-05,9264.400390625,9273.900390625,9215.400390625,9265.150390625,184800,0.002955317785461098,0.0029509594186491106
2017-04-06,9245.7998046875,9267.9501953125,9218.849609375,9261.9501953125,186100,-0.00034540133484917135,-0.00034546099962948787
2017-04-07,9223.7001953125,9250.5,9188.099609375,9198.2998046875,190000,-0.006872244968150865,-0.006895967591191596
2017-04-10,9225.599609375,9225.650390625,9174.849609375,9181.4501953125,135800,-0.0018318178068531532,-0.001833497636833679
2017-04-11,9184.5498046875,9242.7001953125,9172.849609375,9237.0,200100,0.006050221207523521,0.006031992108960761
2017-04-12,9242.5,9246.400390625,9161.7998046875,9203.4501953125,161800,-0.003632110499891761,-0.0036387226287440087
2017-04-13,9202.5,9202.650390625,9144.9501953125,9150.7998046875,166500,-0.005720723153564311,-0.005737149166000338
2017-04-17,9144.75,9160.0,9120.25,9139.2998046875,0,-0.0012567207506942735,-0.0012575110864404995
2017-04-18,9163.0,9217.900390625,9095.4501953125,9105.150390625,174200,-0.003736545992832463,-0.003743544319295666
2017-04-19,9112.2001953125,9120.5,9075.150390625,9103.5,173700,-0.00018125901870869043,-0.00018127544810997014
2017-04-20,9108.099609375,9143.900390625,9102.650390625,9136.400390625,170300,0.003614037526775471,0.00360752258526342
2017-04-21,9179.099609375,9183.650390625,9088.75,9119.400390625,155200,-0.0018606890321317682,-0.0018624222643066866
2017-04-24,9135.349609375,9225.400390625,9130.5498046875,9217.9501953125,167700,0.010806610135114969,0.010748636018943606
2017-04-25,9273.0498046875,9309.2001953125,9250.349609375,9306.599609375,168700,0.00961704198701141,0.009571092601938416
2017-04-26,9336.2001953125,9367.0,9301.349609375,9351.849609375,185700,0.004862141050359314,0.00485035901773151
2017-04-27,9359.150390625,9367.150390625,9322.650390625,9342.150390625,209400,-0.001037144431864756,-0.001037682638315093
2017-04-28,9340.9501953125,9342.650390625,9282.25,9304.0498046875,162200,-0.004078352878555069,-0.004086692040742791
2017-05-02,9339.849609375,9352.5498046875,9269.900390625,9313.7998046875,161600,0.0010479307618374012,0.0010473820656935206
2017-05-03,9344.7001953125,9346.2998046875,9298.400390625,9311.9501953125,151600,-0.00019858805361794296,-0.00019860777483643832
2017-05-04,9360.9501953125,9365.650390625,9323.25,9359.900390625,269600,0.005149318274558334,0.005136105872378302
2017-05-05,9374.5498046875,9377.099609375,9272.0,9285.2998046875,231900,-0.007970232889681239,-0.008002164979810267
2017-05-08,9311.4501953125,9338.7001953125,9297.9501953125,9314.0498046875,174300,0.0030962920535411165,0.0030915084131222883
2017-05-09,9337.349609375,9338.9501953125,9307.7001953125,9316.849609375,132300,0.0003006001413146109,0.0003005549701442118
2017-05-10,9339.650390625,9414.75,9336.0,9407.2998046875,152700,0.009708238203339103,0.009661416055306064
2017-05-11,9448.599609375,9450.650390625,9411.2998046875,9422.400390625,171100,0.0016051987553300506,0.0016039118008357616
2017-05-12,9436.650390625,9437.75,9372.5498046875,9400.900390625,154300,-0.002281796475279485,-0.0022844037397764944
2017-05-15,9433.5498046875,9449.25,9423.099609375,9445.400390625,140800,0.004733589140501593,0.004722420937348687
2017-05-16,9461.0,9517.2001953125,9456.349609375,9512.25,166500,0.007077477566896029,0.007052549770711115
2017-05-17,9517.599609375,9532.599609375,9486.099609375,9525.75,205500,0.0014192225814082526,0.0014182164368899746
2017-05-18,9453.2001953125,9489.099609375,9418.099609375,9429.4501953125,193300,-0.010109419697924005,-0.01016086690923151
2017-05-19,9469.900390625,9505.75,9390.75,9427.900390625,252100,-0.00016435790585866972,-0.00016437141409942322
2017-05-22,9480.25,9498.650390625,9427.900390625,9438.25,196800,0.001097763971423804,0.0010971618691591547
2017-05-23,9445.0498046875,9448.0498046875,9370.0,9386.150390625,224400,-0.00552004973114717,-0.005535341505865151
2017-05-24,9410.900390625,9431.900390625,9341.650390625,9360.5498046875,211800,-0.0027274851639997877,-0.002731211528938736
2017-05-25,9384.0498046875,9523.2998046875,9379.2001953125,9509.75,289200,0.015939255537936958,0.01581355951256376
2017-05-26,9507.75,9604.900390625,9495.400390625,9595.099609375,218800,0.008974958266515953,0.008934922695320598
2017-05-29,9560.0498046875,9637.75,9547.7001953125,9604.900390625,235000,0.00102143611312,0.001020914802213731
2017-05-30,9590.650390625,9635.2998046875,9581.2001953125,9624.5498046875,193900,0.0020457696866569286,0.0020436799494468433
2017-05-31,9636.5498046875,9649.599609375,9609.25,9621.25,414300,-0.0003428528870922376,-0.0003429116745806887
2017-06-01,9603.5498046875,9634.650390625,9589.900390625,9616.099609375,176100,-0.0005353140834091219,-0.0005354574151470177
2017-06-02,9657.150390625,9673.5,9637.4501953125,9653.5,162200,0.00388935141525959,0.003881807442491232
2017-06-05,9656.2998046875,9687.2001953125,9640.7001953125,9675.099609375,127700,0.002237489964779682,0.00223499051174814
2017-06-06,9704.25,9709.2998046875,9630.2001953125,9637.150390625,145900,-0.003922359487981697,-0.003930072114359614
2017-06-07,9663.9501953125,9678.5498046875,9630.5498046875,9663.900390625,160700,0.002775716774745085,0.002771871586730097
2017-06-08,9682.400390625,9688.7001953125,9641.5,9647.25,155400,-0.0017229472523487832,-0.0017244332330555142
2017-06-09,9638.5498046875,9676.25,9608.150390625,9668.25,159000,0.0021767861307626646,0.0021744203643893584
2017-06-12,9646.7001953125,9647.0498046875,9598.5,9616.400390625,141400,-0.005362874292141773,-0.005377306123000276
2017-06-13,9615.5498046875,9654.150390625,9595.400390625,9606.900390625,129700,-0.0009878956380873216,-0.0009883839285963953
2017-06-14,9621.5498046875,9627.400390625,9580.4501953125,9618.150390625,181800,0.0011710332721861505,0.001170348147540874
2017-06-15,9617.900390625,9621.400390625,9560.7998046875,9578.0498046875,171100,-0.0041692616884621,-0.00417797729350316
2017-06-16,9595.4501953125,9615.849609375,9565.5,9588.0498046875,213200,0.001044053873587636,0.0010435092284018055
2017-06-19,9626.400390625,9673.2998046875,9614.900390625,9657.5498046875,141700,0.007248606485755094,0.0072224616043765726
2017-06-20,9670.5,9676.5,9643.75,9653.5,159500,-0.0004193408027297618,-0.00041942875067181194
2017-06-21,9648.099609375,9650.4501953125,9608.599609375,9633.599609375,144000,-0.0020614689620345183,-0.0020635967138743832
2017-06-22,9642.650390625,9698.849609375,9617.75,9630.0,198800,-0.00037365154469337636,-0.00037372136982585634
2017-06-23,9643.25,9647.650390625,9565.2998046875,9574.9501953125,175200,-0.005716490621754944,-0.005732892290795095
2017-06-27,9594.0498046875,9615.400390625,9473.4501953125,9511.400390625,203300,-0.006637089842891464,-0.006659213268124637
2017-06-28,9520.2001953125,9522.5,9474.349609375,9491.25,172400,-0.0021185514012070916,-0.002120798705808072
2017-06-29,9522.9501953125,9575.7998046875,9493.7998046875,9504.099609375,259300,0.0013538374160411148,0.001352921804466218
2017-06-30,9478.5,9535.7998046875,9448.75,9520.900390625,179600,0.0017677404426008625,0.0017661798283679123
2017-07-03,9587.9501953125,9624.0,9543.5498046875,9615.0,183000,0.009883477981521338,0.00983495586260243
2017-07-04,9645.900390625,9650.650390625,9595.5,9613.2998046875,144800,-0.00017682738559543498,-0.00017684302140083614
2017-07-05,9619.75,9643.650390625,9607.349609375,9637.599609375,130800,0.0025277277502206985,0.0025245384198064923
2017-07-06,9653.599609375,9700.7001953125,9639.9501953125,9674.5498046875,147400,0.003833962481337938,0.00382663157881288
2017-07-07,9670.349609375,9684.25,9642.650390625,9665.7998046875,141800,-0.0009044348498532528,-0.000904844097829429
2017-07-10,9719.2998046875,9782.150390625,9646.4501953125,9771.0498046875,37500,0.010888907501369838,0.010830050223587575
2017-07-11,9797.4501953125,9830.0498046875,9778.849609375,9786.0498046875,179700,0.001535147225716127,0.0015339700917757582
2017-07-12,9807.2998046875,9824.9501953125,9787.7001953125,9816.099609375,145500,0.0030706776776372458,0.003065972775967725
2017-07-13,9855.7998046875,9897.25,9853.4501953125,9891.7001953125,181300,0.007701693029408263,0.0076721863955028615
2017-07-14,9913.2998046875,9913.2998046875,9845.4501953125,9886.349609375,159600,-0.0005409167111671831,-0.0005410630593885717
2017-07-17,9908.150390625,9928.2001953125,9894.7001953125,9915.9501953125,163500,0.0029940865038224906,0.0029896131536668747
2017-07-18,9832.7001953125,9885.349609375,9792.0498046875,9827.150390625,293900,-0.008955249163058343,-0.008995588419495522
2017-07-19,9855.9501953125,9905.0498046875,9851.650390625,9899.599609375,200200,0.007372352703497453,0.007345309743460549
2017-07-20,9920.2001953125,9922.5498046875,9863.4501953125,9873.2998046875,161100,-0.002656653372384299,-0.002660188538483533
2017-07-21,9899.599609375,9924.7001953125,9838.0,9915.25,187500,0.004248852576378193,0.004239851688892752
2017-07-24,9936.7998046875,9982.0498046875,9919.599609375,9966.400390625,174500,0.005158759549683589,0.005145498736317388
2017-07-25,10010.5498046875,10011.2998046875,9949.099609375,9964.5498046875,185500,-0.00018568247962835738,-0.00018569972075426088
2017-07-26,9983.650390625,10025.9501953125,9965.9501953125,10020.650390625,197600,0.0056300171143817135,0.005614227803035337
2017-07-27,10063.25,10114.849609375,10005.5,10020.5498046875,287900,-1.0037865166290239e-05,-1.0037915545995924e-05
2017-07-28,9996.5498046875,10026.0498046875,9944.5,10014.5,191600,-0.0006037397952625145,-0.0006039221195206731
2017-07-31,10034.7001953125,10085.900390625,10016.9501953125,10077.099609375,237700,0.006250897136651945,0.006231441314613235
2017-08-01,10101.0498046875,10128.599609375,10065.75,10114.650390625,184300,0.0037263481265050746,0.003719422490879323
2017-08-02,10136.2998046875,10137.849609375,10054.2001953125,10081.5,161500,-0.0032774628232060676,-0.0032828454686495033
2017-08-03,10081.150390625,10081.150390625,9998.25,10013.650390625,192700,-0.006730110536626532,-0.006752859858295522
2017-08-04,10008.599609375,10075.25,9988.349609375,10066.400390625,178600,0.0052678092346210015,0.005253982862758577
2017-08-07,10074.7998046875,10088.099609375,10046.349609375,10057.400390625,137400,-0.000894063384204502,-0.0008944632972548343
2017-08-08,10068.349609375,10083.7998046875,9947.0,9978.5498046875,203300,-0.007840056363968673,-0.007870951189924851
2017-08-09,9961.150390625,9969.7998046875,9893.0498046875,9908.0498046875,169200,-0.007065154895241621,-0.007090231284273741
2017-08-10,9872.849609375,9892.650390625,9776.2001953125,9820.25,235500,-0.008861461782919355,-0.008900958038211523
2017-08-11,9712.150390625,9771.650390625,9685.5498046875,9710.7998046875,285900,-0.011145357329243155,-0.01120793220489222
2017-08-14,9755.75,9818.2998046875,9752.099609375,9794.150390625,195600,0.008583287433983067,0.008546660459731773
2017-08-16,9825.849609375,9903.9501953125,9773.849609375,9897.2998046875,219500,0.010531736796816515,0.010476664391422662
2017-08-17,9945.5498046875,9947.7998046875,9883.75,9904.150390625,197600,0.0006921671640436333,0.0006919277268328227
2017-08-18,9865.9501953125,9865.9501953125,9783.650390625,9837.400390625,246300,-0.006739598791147605,-0.006762412448120804
2017-08-21,9864.25,9884.349609375,9740.099609375,9754.349609375,205300,-0.008442350412935062,-0.008478188903126932
2017-08-22,9815.75,9828.4501953125,9752.599609375,9765.5498046875,183600,0.0011482257414410224,0.0011475670344457027
2017-08-23,9803.0498046875,9857.900390625,9786.75,9852.5,168600,0.008903768559017866,0.008864363739937172
2017-08-24,9881.2001953125,9881.5,9848.849609375,9857.0498046875,184700,0.00046179189926420783,0.0004616853061997081
2017-08-28,9907.150390625,9925.75,9882.0,9912.7998046875,159600,0.005655850493267112,0.005639916223863896
2017-08-29,9886.400390625,9887.349609375,9783.75,9796.0498046875,173300,-0.011777701789638884,-0.011847608353940924
2017-08-30,9859.5,9909.4501953125,9850.7998046875,9884.400390625,157800,0.009019001301445284,0.0089785730092648
2017-08-31,9905.7001953125,9925.099609375,9856.9501953125,9917.900390625,327700,0.0033891787742403867,0.0033834484516002566
2017-09-01,9937.650390625,9983.4501953125,9909.849609375,9974.400390625,157800,0.00569677026131532,0.005680605029627355
2017-09-04,9984.150390625,9988.400390625,9861.0,9912.849609375,148800,-0.006170875324781666,-0.006189993868598528
2017-09-05,9933.25,9963.099609375,9901.0498046875,9952.2001953125,139200,0.003969654285916446,0.003961795997934277
2017-09-06,9899.25,9931.5498046875,9882.5498046875,9916.2001953125,149200,-0.0036172905783141696,-0.0036238487939692175
2017-09-07,9945.849609375,9964.849609375,9917.2001953125,9929.900390625,188800,0.0013815972895521167,0.001380643762176384
2017-09-08,9958.650390625,9963.599609375,9913.2998046875,9934.7998046875,163600,0.0004934001218306339,0.0004932784400140928
2017-09-11,9971.75,10028.650390625,9968.7998046875,10006.0498046875,173000,0.007171760015373785,0.007146165244692658
2017-09-12,10056.849609375,10097.5498046875,10028.0498046875,10093.0498046875,182600,0.008694739852208588,0.008657158285843384
2017-09-13,10099.25,10131.9501953125,10063.150390625,10079.2998046875,215000,-0.0013623236054590704,-0.0013632524119145414
2017-09-14,10107.400390625,10126.5,10070.349609375,10086.599609375,225600,0.0007242372812548137,0.0007239751479918529
2017-09-15,10062.349609375,10115.150390625,10043.650390625,10085.400390625,266600,-0.00011889227256378643,-0.0001188993408102696
2017-09-18,10133.099609375,10171.7001953125,10131.2998046875,10153.099609375,156100,0.006712596042585561,0.006690166885736892
2017-09-19,10175.599609375,10178.9501953125,10129.9501953125,10147.5498046875,187500,-0.0005466118624873895,-0.0005467613092135457
2017-09-20,10160.9501953125,10171.0498046875,10134.2001953125,10141.150390625,199400,-0.0006306363787978997,-0.000630835313560427
2017-09-21,10139.599609375,10158.900390625,10058.599609375,10121.900390625,191800,-0.0018982067377479872,-0.001900010615274047
2017-09-22,10094.349609375,10095.0498046875,9952.7998046875,9964.400390625,226600,-0.01556031910231781,-0.01568265154818977
2017-09-25,9960.099609375,9960.5,9816.0498046875,9872.599609375,221400,-0.009212875602266135,-0.009255576609087487
2017-09-26,9875.25,9891.349609375,9813.0,9871.5,190900,-0.00011137992205778602,-0.00011138612526191736
2017-09-27,9920.599609375,9921.0498046875,9714.400390625,9735.75,200100,-0.013751709466646389,-0.013847140123069935
2017-09-28,9736.400390625,9789.2001953125,9687.5498046875,9768.9501953125,385000,0.003410132276660871,0.0034043309606841105
2017-09-29,9814.2998046875,9854.0,9775.349609375,9788.599609375,196300,0.002011415113154058,0.0020093949262780385
2017-10-03,9893.2998046875,9895.400390625,9831.0498046875,9859.5,162800,0.007243159742390093,0.00721705404356513
2017-10-04,9884.349609375,9938.2998046875,9850.650390625,9914.900390625,156200,0.005618985813175215,0.005603258200374948
2017-10-05,9927.0,9945.9501953125,9881.849609375,9888.7001953125,147800,-0.0026425071639926134,-0.0026460047490028745
2017-10-06,9908.150390625,9989.349609375,9906.599609375,9979.7001953125,195800,0.009202422785872022,0.009160338481321154
2017-10-09,9988.2001953125,10015.75,9959.4501953125,9988.75,143900,0.0009068212982741297,0.0009064103842389305
2017-10-10,10013.7001953125,10034.0,10002.2998046875,10016.9501953125,148600,0.0028231956263296,0.0028192178944088774
2017-10-11,10042.599609375,10067.25,9955.7998046875,9984.7998046875,189700,-0.0032095987299651796,-0.00321476053982032
2017-10-12,10011.2001953125,10104.4501953125,9977.099609375,10096.400390625,200900,0.011177047924897598,0.011115046293774924
2017-10-13,10123.7001953125,10191.900390625,10120.099609375,10167.4501953125,230100,0.007037142143597297,0.007012497012134821
2017-10-16,10207.400390625,10242.9501953125,10175.099609375,10230.849609375,203000,0.006235527378509298,0.006216166917771876
2017-10-17,10227.650390625,10251.849609375,10212.599609375,10234.4501953125,195700,0.00035193420634405115,0.0003518722920273383
2017-10-18,10209.400390625,10236.4501953125,10175.75,10210.849609375,254200,-0.0023059945074831445,-0.0023086574073600593
2017-10-19,10210.349609375,10211.9501953125,10123.349609375,10146.5498046875,30200,-0.006297204164917303,-0.006317115188263494
2017-10-23,10176.650390625,10224.150390625,10124.5,10184.849609375,218100,0.00377466285828576,0.003767556695072139
2017-10-24,10218.5498046875,10237.75,10182.400390625,10207.7001953125,217200,0.0022435859942857572,0.002241072913402321
2017-10-25,10321.150390625,10340.5498046875,10240.900390625,10295.349609375,594200,0.008586597606260904,0.008549942456258083
2017-10-26,10291.7998046875,10355.650390625,10271.849609375,10343.7998046875,429700,0.004706027201677676,0.004694988474485417
2017-10-27,10362.2998046875,10366.150390625,10311.2998046875,10323.0498046875,312700,-0.002006032637116295,-0.0020080474155119445
2017-10-30,10353.849609375,10384.5,10344.2998046875,10363.650390625,236900,0.00393300300838062,0.003925288971653147
2017-10-31,10364.900390625,10367.7001953125,10323.9501953125,10335.2998046875,232600,-0.002735579151063039,-0.0027393276855447964
2017-11-01,10390.349609375,10451.650390625,10383.0498046875,10440.5,260300,0.010178727013297362,0.010127272636955603
2017-11-02,10440.5,10453.0,10412.5498046875,10423.7998046875,201500,-0.0015995589591015769,-0.001600839619376669
2017-11-03,10461.5498046875,10461.7001953125,10403.599609375,10452.5,199900,0.0027533333189682097,0.002749549839980272
2017-11-06,10431.75,10490.4501953125,10413.75,10451.7998046875,193600,-6.698831021290097e-05,-6.699055402996047e-05
2017-11-07,10477.150390625,10485.75,10340.7998046875,10350.150390625,286900,-0.009725541625559164,-0.009773143593572503
2017-11-08,10361.9501953125,10384.25,10285.5,10303.150390625,274500,-0.004540996818999998,-0.004551338464517429
2017-11-09,10358.650390625,10368.4501953125,10266.9501953125,10308.9501953125,240200,0.0005629156585715833,0.0005627572809849458
2017-11-10,10304.349609375,10344.9501953125,10254.099609375,10321.75,279400,0.0012416205767800115,0.0012408504033945
2017-11-13,10322.0,10334.150390625,10216.25,10224.9501953125,210300,-0.009378235734008311,-0.009422488277922888
2017-11-14,10223.400390625,10248.0,10175.5498046875,10186.599609375,305000,-0.0037506868204679744,-0.003757738283689395
2017-11-15,10171.9501953125,10175.4501953125,10094.0,10118.0498046875,207400,-0.00672940994209803,-0.0067521545169891405
2017-11-16,10152.900390625,10232.25,10139.2001953125,10214.75,182600,0.009557197007243445,0.009511815914835575
2017-11-17,10324.5498046875,10343.599609375,10268.0498046875,10283.599609375,203300,0.006740214824151325,0.006717601133431633
2017-11-20,10287.2001953125,10309.849609375,10261.5,10298.75,147200,0.0014732575363192169,0.001472173357154509
2017-11-21,10329.25,10358.7001953125,10315.0498046875,10326.900390625,186100,0.0027333793542905216,0.0027296504663746014
2017-11-22,10350.7998046875,10368.7001953125,10309.5498046875,10342.2998046875,157600,0.00149119420929833,0.0014900834832817704
2017-11-23,10358.4501953125,10374.2998046875,10307.2998046875,10348.75,153000,0.0006236712756650942,0.0006234768735595227
2017-11-24,10366.7998046875,10404.5,10362.25,10389.7001953125,129200,0.003957018510689636,0.003949210104835523
2017-11-27,10361.0498046875,10407.150390625,10340.2001953125,10399.5498046875,141900,0.000948016707878141,0.0009475676238426342
2017-11-28,10387.900390625,10409.5498046875,10355.2001953125,10370.25,196000,-0.0028174108723719726,-0.0028213872448567432
2017-11-29,10376.650390625,10392.9501953125,10345.900390625,10361.2998046875,152500,-0.0008630645657047298,-0.0008634372203591307
2017-11-30,10332.7001953125,10332.7001953125,10211.25,10226.5498046875,342500,-0.013005125084696312,-0.013090432150481796
2017-12-01,10263.7001953125,10272.7001953125,10108.5498046875,10121.7998046875,143400,-0.010242946252702612,-0.010295766224326257
2017-12-04,10175.0498046875,10179.2001953125,10095.7001953125,10127.75,148600,0.0005878594150563465,0.0005876866933977984
2017-12-05,10118.25,10147.9501953125,10069.099609375,10118.25,155500,-0.0009380168349337747,-0.000938457048031478
2017-12-06,10088.7998046875,10104.2001953125,10033.349609375,10044.099609375,166100,-0.007328380957675518,-0.007355365457362713
2017-12-07,10063.4501953125,10182.650390625,10061.900390625,10166.7001953125,166200,0.012206229598028528,0.012132334291871919
2017-12-08,10198.4501953125,10270.849609375,10195.25,10265.650390625,200000,0.009732773998600175,0.009685715646246356
2017-12-11,10310.5,10329.2001953125,10282.0498046875,10322.25,147400,0.0055134947345070184,0.005498351059959995
2017-12-12,10324.900390625,10326.099609375,10230.2001953125,10240.150390625,175100,-0.007953654423696332,-0.007985453457626933
2017-12-13,10236.599609375,10296.5498046875,10169.849609375,10192.9501953125,181600,-0.004609326378225087,-0.0046199820794001496
2017-12-14,10229.2998046875,10276.099609375,10141.5498046875,10252.099609375,154300,0.005802972930222028,0.005786200538018408
2017-12-15,10345.650390625,10373.099609375,10319.650390625,10333.25,255100,0.007915489872025061,0.007884326721783314
2017-12-18,10263.099609375,10443.5498046875,10074.7998046875,10388.75,230400,0.005371011056540809,0.005356638616709943
2017-12-19,10414.7998046875,10472.2001953125,10406.0,10463.2001953125,169100,0.007166424768379365,0.007140867974318959
2017-12-20,10494.400390625,10494.4501953125,10437.150390625,10444.2001953125,175200,-0.001815888030940238,-0.0018175387542658723
2017-12-21,10473.9501953125,10473.9501953125,10426.900390625,10440.2998046875,151900,-0.00037345038892977467,-0.00037352013889224483
2017-12-22,10457.2998046875,10501.099609375,10448.25,10493.0,138800,0.0050477664720738336,0.0050350692095142814
2017-12-26,10512.2998046875,10545.4501953125,10477.9501953125,10531.5,155600,0.003669112741827796,0.0036623979675021196
2017-12-27,10531.0498046875,10552.400390625,10469.25,10490.75,165200,-0.003869344347908643,-0.0038768496273459364
2017-12-28,10498.2001953125,10534.5498046875,10460.4501953125,10477.900390625,272900,-0.0012248513571480046,-0.0012256021006669842
2017-12-29,10492.349609375,10538.7001953125,10488.650390625,10530.7001953125,152000,0.005039158869532878,0.005026504801246669
2018-01-02,10477.5498046875,10495.2001953125,10404.650390625,10442.2001953125,153400,-0.008403999578242116,-0.008439512288536271
2018-01-03,10482.650390625,10503.599609375,10429.5498046875,10443.2001953125,167300,9.576525840304662e-05,9.576067320342099e-05
2018-01-04,10469.400390625,10513.0,10441.4501953125,10504.7998046875,174900,0.0058985376343401175,0.005881209368789884
2018-01-05,10534.25,10566.099609375,10520.099609375,10558.849609375,180900,0.005145248428569005,0.005132056867763014
2018-01-08,10591.7001953125,10631.2001953125,10588.5498046875,10623.599609375,169000,0.006132296831134809,0.006113570815585057
2018-01-09,10645.099609375,10659.150390625,10603.599609375,10637.0,205000,0.0012613794869653638,0.001260584616212523
2018-01-10,10652.0498046875,10655.5,10592.7001953125,10632.2001953125,176400,-0.0004512366915013777,-0.0004513385294137436
2018-01-11,10637.0498046875,10664.599609375,10612.349609375,10651.2001953125,153800,0.0017870242895141608,0.0017854294613236375
2018-01-12,10682.5498046875,10690.400390625,10597.099609375,10681.25,175200,0.00282125996474325,0.0028172876803263624
2018-01-15,10718.5,10782.650390625,10713.7998046875,10741.5498046875,175900,0.005645388385020489,0.005629512900836509
2018-01-16,10761.5,10762.349609375,10687.849609375,10700.4501953125,211000,-0.003826227138756466,-0.00383356587156863
2018-01-17,10702.4501953125,10803.0,10666.75,10788.5498046875,252700,0.008233261943837888,0.00819955353642979
2018-01-18,10873.400390625,10887.5,10782.400390625,10817.0,312000,0.002637073177355065,0.002633602200690908
2018-01-19,10829.2001953125,10906.849609375,10793.900390625,10894.7001953125,207600,0.007183155709762357,0.007157479729840962
2018-01-22,10883.2001953125,10975.099609375,10881.400390625,10966.2001953125,231600,0.006562824007838586,0.006541382438729125
2018-01-23,10997.400390625,11092.900390625,10994.5498046875,11083.7001953125,284600,0.010714741469905364,0.010657745398174344
2018-01-24,11069.349609375,11110.099609375,11046.150390625,11086.0,283400,0.00020749430668232094,0.000207472782716017
2018-01-25,11095.599609375,11095.599609375,11009.2001953125,11069.650390625,330300,-0.001474797886974577,-0.0014758864718050037
2018-01-29,11079.349609375,11171.5498046875,11075.9501953125,11130.400390625,241700,0.005487978197707966,0.00547297411504586
2018-01-30,11120.849609375,11121.099609375,11033.900390625,11049.650390625,228000,-0.0072549052294663685,-0.007281350035077295
2018-01-31,11018.7998046875,11058.5,10979.2998046875,11027.7001953125,245900,-0.001986505865481769,-0.0019884815852113905
2018-02-01,11044.5498046875,11117.349609375,10878.7998046875,11016.900390625,306200,-0.000979334267002474,-0.000979814128127614
2018-02-02,10938.2001953125,10954.9501953125,10736.099609375,10760.599609375,282700,-0.023264327729431322,-0.023539213933076866
2018-02-05,10604.2998046875,10702.75,10586.7998046875,10666.5498046875,240100,-0.00874020111347329,-0.00877862069830589
2018-02-06,10295.150390625,10594.150390625,10276.2998046875,10498.25,266500,-0.015778279553294694,-0.01590408165467595
2018-02-07,10607.2001953125,10614.0,10446.400390625,10476.7001953125,250400,-0.0020527044686019513,-0.0020548141539544224
2018-02-08,10518.5,10637.7998046875,10479.5498046875,10576.849609375,232200,0.009559251691416026,0.009513851145813865
2018-02-09,10416.5,10480.2001953125,10398.2001953125,10454.9501953125,191600,-0.011525115565078292,-0.0115920444485001
2018-02-12,10518.2001953125,10555.5,10485.400390625,10539.75,217400,0.008110971654893273,0.008078254517088934
2018-02-14,10585.75,10590.5498046875,10456.650390625,10500.900390625,229200,-0.0036860086221209842,-0.003692818691702758
2018-02-15,10537.900390625,10618.099609375,10511.0498046875,10545.5,210600,0.004247217640005241,0.004238223668407977
2018-02-16,10596.2001953125,10612.900390625,10434.0498046875,10452.2998046875,184300,-0.00883791146104973,-0.008877197442514924
2018-02-19,10488.900390625,10489.349609375,10302.75,10378.400390625,187300,-0.0070701582851038225,-0.007095270288084443
2018-02-20,10391.0,10429.349609375,10347.650390625,10360.400390625,187700,-0.001734371321447492,-0.0017358770846747271
2018-02-21,10426.0,10426.099609375,10349.599609375,10397.4501953125,234100,0.003576097765586983,0.003569718731482044
2018-02-22,10354.349609375,10397.5498046875,10340.650390625,10382.7001953125,313600,-0.0014186170381128571,-0.0014196242279203768
2018-02-23,10408.099609375,10499.099609375,10396.650390625,10491.0498046875,210600,0.010435590678416817,0.010381515779008083
2018-02-26,10526.5498046875,10592.9501953125,10520.2001953125,10582.599609375,171900,0.008726467454819975,0.008688611908417675
2018-02-27,10615.2001953125,10631.650390625,10537.25,10554.2998046875,187500,-0.0026741826897078713,-0.002677764703635068
2018-02-28,10488.9501953125,10535.5,10461.5498046875,10492.849609375,286000,-0.005822290104475547,-0.0058393057141950064
2018-03-01,10479.9501953125,10525.5,10447.150390625,10458.349609375,176000,-0.0032879533476946055,-0.003293370543887722
2018-03-05,10428.2998046875,10428.7001953125,10323.900390625,10358.849609375,194000,-0.009513929416818057,-0.009559475957881534
2018-03-06,10420.5,10441.349609375,10215.900390625,10249.25,222900,-0.010580287725753812,-0.01063665692404489
2018-03-07,10232.9501953125,10243.349609375,10141.5498046875,10154.2001953125,249500,-0.00927383024977435,-0.009317099938461516
2018-03-08,10216.25,10270.349609375,10146.400390625,10242.650390625,226400,0.008710700361544088,0.00867298109371104
2018-03-09,10271.2998046875,10296.7001953125,10211.900390625,10226.849609375,186500,-0.001542645765246653,-0.0015438368683495453
2018-03-12,10301.599609375,10433.650390625,10295.4501953125,10421.400390625,216400,0.019023530088059015,0.018844845326350685
2018-03-13,10389.5,10478.599609375,10377.849609375,10426.849609375,266700,0.0005228873803659884,0.000522750722395459
2018-03-14,10393.0498046875,10420.349609375,10336.2998046875,10410.900390625,181400,-0.001529629691374823,-0.0015308007692338495
2018-03-15,10405.4501953125,10420.0,10346.2001953125,10360.150390625,173900,-0.004874698450260895,-0.004886618546444992
2018-03-16,10345.150390625,10346.2998046875,10180.25,10195.150390625,328500,-0.01592640973139836,-0.0160545978679463
2018-03-19,10215.349609375,10224.5498046875,10075.2998046875,10094.25,210200,-0.009896900659531527,-0.00994620052782473
2018-03-20,10051.5498046875,10155.650390625,10049.099609375,10124.349609375,203000,0.002981856935879268,0.002977420018466655
2018-03-21,10181.9501953125,10227.2998046875,10132.9501953125,10155.25,204800,0.003052086486265315,0.003047438325629427
2018-03-22,10167.5,10207.849609375,10105.400390625,10114.75,230500,-0.003988084980675044,-0.003996058598285198
2018-03-23,9968.7998046875,10027.7001953125,9951.900390625,9998.0498046875,285700,-0.011537625281148767,-0.011604700101594518
2018-03-26,9989.150390625,10143.5,9958.5498046875,10130.650390625,262600,0.013262645068574441,0.01317546616079525
2018-03-27,10188.0,10207.900390625,10139.650390625,10184.150390625,225700,0.005281003483202706,0.005267107884641591
2018-03-28,10143.599609375,10158.349609375,10096.900390625,10113.7001953125,344400,-0.006917631084606968,-0.006941668814759831
2018-04-02,10151.650390625,10220.099609375,10127.75,10211.7998046875,225400,0.009699675438319622,0.009652935584409928
2018-04-03,10186.849609375,10255.349609375,10171.0498046875,10245.0,205300,0.0032511600254110373,0.0032458864317621047
2018-04-04,10274.599609375,10279.849609375,10111.2998046875,10128.400390625,231100,-0.011381123413860439,-0.011446384030859532
2018-04-05,10228.4501953125,10331.7998046875,10227.4501953125,10325.150390625,236800,0.019425574859986305,0.019239306758980577
2018-04-06,10322.75,10350.4501953125,10290.849609375,10331.599609375,200200,0.0006246125727966678,0.0006244175835545499
2018-04-09,10333.7001953125,10397.7001953125,10328.5,10379.349609375,221600,0.004621743176794313,0.004611095715747583
2018-04-10,10412.900390625,10424.849609375,10381.5,10402.25,251700,0.002206341580816895,0.0022039111834326382
2018-04-11,10428.150390625,10428.150390625,10355.599609375,10417.150390625,250400,0.0014324199692374862,0.001431395034394698
2018-04-12,10410.650390625,10469.900390625,10395.25,10458.650390625,238600,0.003983815001590951,0.0039759006232568585
2018-04-13,10495.2998046875,10519.900390625,10451.4501953125,10480.599609375,213100,0.002098666456015641,0.002096467331850084
2018-04-16,10398.2998046875,10540.150390625,10396.349609375,10528.349609375,195000,0.004556037037927396,0.004545689717794212
2018-04-17,10557.2998046875,10560.4501953125,10495.650390625,10548.7001953125,206100,0.001932932196645476,0.0019310664870136763
2018-04-18,10578.900390625,10594.2001953125,10509.7001953125,10526.2001953125,205400,-0.002132964212026689,-0.0021352422200410556
2018-04-19,10563.650390625,10572.2001953125,10546.2001953125,10565.2998046875,262600,0.0037145036812440413,0.0037076219486611
2018-04-20,10560.349609375,10582.349609375,10527.4501953125,10564.0498046875,244600,-0.00011831183431687542,-0.00011831883371402492
2018-04-23,10592.7998046875,10638.349609375,10514.9501953125,10584.7001953125,194200,0.0019547797489403163,0.0019528716532068399
2018-04-24,10578.099609375,10636.7998046875,10569.0,10614.349609375,219200,0.0028011576629851653,0.002797241731914462
2018-04-25,10612.400390625,10612.599609375,10536.4501953125,10570.5498046875,189200,-0.00412647089076601,-0.004135008266019891
2018-04-26,10586.5,10628.400390625,10559.650390625,10617.7998046875,335100,0.0044699661676110836,0.004460005540255803
2018-04-27,10651.650390625,10719.7998046875,10647.5498046875,10692.2998046875,0,0.007016519558704637,0.006992018327494462
2018-04-30,10705.75,10759.0,10704.599609375,10739.349609375,173800,0.004400344691688707,0.004390691482923282
2018-05-02,10783.849609375,10784.650390625,10689.7998046875,10718.0498046875,229700,-0.0019833421447520427,-0.0019853115722468315
2018-05-03,10720.150390625,10720.599609375,10647.4501953125,10679.650390625,185200,-0.003582686660562606,-0.003589119852419833
2018-05-04,10700.4501953125,10700.4501953125,10601.599609375,10618.25,186500,-0.0057492884485150775,-0.005765879228025447
2018-05-07,10653.150390625,10725.650390625,10635.650390625,10715.5,168400,0.00915875968262192,0.009117072584576636
2018-05-08,10757.900390625,10758.5498046875,10689.400390625,10717.7998046875,269800,0.00021462411343375898,0.00021460108497364168
2018-05-09,10693.349609375,10766.25,10689.849609375,10741.7001953125,215400,0.0022299717349214543,0.002227489038162844
2018-05-10,10779.650390625,10785.5498046875,10705.0,10716.5498046875,192100,-0.0023413789407356056,-0.002344124254457977
2018-05-11,10741.9501953125,10812.0498046875,10724.4501953125,10806.5,203100,0.00839357787271755,0.008358547680564028
2018-05-14,10815.150390625,10834.849609375,10774.75,10806.599609375,171400,9.217542682682378e-06,9.217500201396874e-06
2018-05-15,10812.599609375,10929.2001953125,10781.400390625,10801.849609375,254300,-0.0004395462191344457,-0.00043964284789006357
2018-05-16,10751.9501953125,10790.4501953125,10699.7001953125,10741.099609375,231100,-0.005624036826737067,-0.005639911268794516
2018-05-17,10775.599609375,10777.25,10664.5,10682.7001953125,214100,-0.005437005165795927,-0.005451839472282671
2018-05-18,10671.849609375,10674.9501953125,10589.099609375,10596.400390625,223000,-0.008078463600931896,-0.008111271197454395
2018-05-21,10616.7001953125,10621.7001953125,10505.7998046875,10516.7001953125,0,-0.007521440524559053,-0.007549869197766206
2018-05-22,10518.4501953125,10558.599609375,10490.5498046875,10536.7001953125,241700,0.0019017372016476575,0.0018999311888009693
2018-05-23,10521.099609375,10533.5498046875,10417.7998046875,10430.349609375,290900,-0.010093348388598211,-0.010144631600820039
2018-05-24,10464.849609375,10535.150390625,10419.7998046875,10513.849609375,297600,0.008005484296034426,0.007973610404251362
2018-05-25,10533.0498046875,10628.0498046875,10524.0,10605.150390625,260800,0.00868385840031305,0.008646370571623485
2018-05-28,10648.349609375,10709.7998046875,10640.5498046875,10688.650390625,232600,0.007873532851907061,0.00784269833741265
2018-05-29,10689.400390625,10717.25,10616.099609375,10633.2998046875,225800,-0.005178444790938985,-0.005191899405584954
2018-05-30,10579.0,10648.7001953125,10558.4501953125,10614.349609375,238700,-0.0017821556488181178,-0.0017837455774774606
2018-05-31,10670.099609375,10763.7998046875,10620.400390625,10736.150390625,610300,0.011475105468772284,0.011409765823805856
2018-06-01,10738.4501953125,10764.75,10681.5,10696.2001953125,220600,-0.0037210912532843476,-0.003728031736138272
2018-06-04,10765.9501953125,10770.2998046875,10618.349609375,10628.5,203800,-0.006329368754912523,-0.00634948413268003
2018-06-05,10630.7001953125,10633.150390625,10550.900390625,10593.150390625,167700,-0.003325926459519235,-0.003331469647161854
2018-06-06,10603.4501953125,10698.349609375,10587.5,10684.650390625,189900,0.0086376570355291,0.00860056590990892
2018-06-07,10722.599609375,10818.0,10722.599609375,10768.349609375,220900,0.007833594520176401,0.007803071219768874
2018-06-08,10736.400390625,10779.4501953125,10709.0498046875,10767.650390625,209400,-6.493276828523076e-05,-6.49348765086917e-05
2018-06-11,10781.849609375,10850.5498046875,10777.0498046875,10786.9501953125,211400,0.0017923877528847054,0.0017907833428202438
2018-06-12,10816.150390625,10856.5498046875,10789.400390625,10842.849609375,198300,0.005182133323169635,0.005168752278609608
2018-06-13,10887.5,10893.25,10842.650390625,10856.7001953125,213400,0.0012773935299743577,0.001276578356983104
2018-06-14,10832.900390625,10833.7001953125,10773.5498046875,10808.0498046875,184300,-0.0044811397339686865,-0.004491210136474933
2018-06-15,10808.650390625,10834.0,10755.400390625,10817.7001953125,305400,0.000892889170515776,0.0008924907821071907
2018-06-18,10830.2001953125,10830.2001953125,10787.349609375,10799.849609375,196600,-0.00165012762557748,-0.0016514905857463397
2018-06-19,10789.4501953125,10789.4501953125,10701.2001953125,10710.4501953125,224500,-0.008277838793689818,-0.00831229035595547
2018-06-20,10734.650390625,10781.7998046875,10724.0498046875,10772.0498046875,193500,0.005751355755517995,0.005734879851344152
2018-06-21,10808.4501953125,10809.599609375,10725.900390625,10741.099609375,223600,-0.0028731945983977436,-0.002877330145384961
2018-06-22,10742.7001953125,10837.0,10710.4501953125,10821.849609375,229800,0.007517852262492797,0.00748973404895337
2018-06-25,10822.900390625,10831.0498046875,10753.0498046875,10762.4501953125,229600,-0.005488841206131911,-0.0055039602444048865
2018-06-26,10742.7001953125,10805.25,10732.5498046875,10769.150390625,220000,0.0006225529680423669,0.0006223592623338975
2018-06-27,10785.5,10785.5,10652.400390625,10671.400390625,246000,-0.009076853461448153,-0.009118299083682797
2018-06-28,10660.7998046875,10674.2001953125,10557.7001953125,10589.099609375,352300,-0.007712275637441368,-0.007742169031781291
2018-06-29,10612.849609375,10723.0498046875,10612.349609375,10714.2998046875,242800,0.011823497741172861,0.011754146307527904
2018-07-02,10732.349609375,10736.150390625,10604.650390625,10657.2998046875,295400,-0.005319993003655044,-0.005334194556937323
2018-07-03,10668.599609375,10713.2998046875,10630.25,10699.900390625,202100,0.003997315147197256,0.003989347109783859
2018-07-04,10715.0,10777.150390625,10677.75,10769.900390625,173900,0.006542116977213297,0.0065208102070441875
2018-07-05,10786.0498046875,10786.0498046875,10726.25,10749.75,220500,-0.0018709913642785958,-0.0018727438548922296
2018-07-06,10744.150390625,10816.349609375,10735.0498046875,10772.650390625,0,0.0021303184376380013,0.002128052526818883
2018-07-09,10838.2998046875,10860.349609375,10807.150390625,10852.900390625,183600,0.007449420253147654,0.007421810355794803
2018-07-10,10902.75,10956.900390625,10876.650390625,10947.25,197000,0.008693492612951825,0.008655921796766377
2018-07-11,10956.400390625,10976.650390625,10923.0,10948.2998046875,222300,9.589665783638068e-05,9.589206004582807e-05
2018-07-12,11006.9501953125,11078.2998046875,10999.650390625,11023.2001953125,248300,0.006841280560560881,0.006817985187144955
2018-07-13,11056.900390625,11071.349609375,10999.75,11018.900390625,0,-0.0003900686380828855,-0.00039014473464332456
2018-07-16,11018.9501953125,11019.5,10926.25,10936.849609375,210500,-0.0074463674542162295,-0.007474230051277428
2018-07-17,10939.650390625,11018.5,10925.599609375,11008.0498046875,210600,0.006510119262449043,0.006489019959189796
2018-07-18,11060.2001953125,11076.2001953125,10956.2998046875,10980.4501953125,225500,-0.002507220612614547,-0.0025103689537061304
2018-07-19,10999.5,11006.5,10935.4501953125,10957.099609375,215400,-0.0021265599790679657,-0.00212882431847883
2018-07-20,10963.5,11030.25,10946.2001953125,11010.2001953125,187300,0.00484622644956767,0.004834521296150269
2018-07-23,11019.849609375,11093.400390625,11010.9501953125,11084.75,229100,0.006770976309698584,0.0067481562013002455
2018-07-24,11109.0,11143.400390625,11092.5,11134.2998046875,205800,0.00447008770495505,0.004460126536742217
2018-07-25,11148.400390625,11157.150390625,11113.25,11132.0,205900,-0.0002065513528324292,-0.00020657268750096133
2018-07-26,11132.9501953125,11185.849609375,11125.7001953125,11167.2998046875,365400,0.0031710209025781477,0.0031660038191820943
2018-07-27,11232.75,11283.400390625,11210.25,11278.349609375,314600,0.009944194803553685,0.00989507665693427
2018-07-30,11296.650390625,11328.099609375,11261.4501953125,11319.5498046875,278800,0.0036530340643325943,0.0036463779405013436
2018-07-31,11311.0498046875,11366.0,11267.75,11356.5,256500,0.0032642813495284972,0.003258965149071806
2018-08-01,11359.7998046875,11390.5498046875,11313.5498046875,11346.2001953125,269700,-0.0009069523785937283,-0.0009073639087465626
2018-08-02,11328.900390625,11328.900390625,11234.9501953125,11244.7001953125,210000,-0.008945726168478219,-0.008985979419681003
2018-08-03,11297.7998046875,11368.0,11294.5498046875,11360.7998046875,218300,0.010324829240302646,0.010271892255968624
2018-08-06,11401.5,11427.650390625,11370.599609375,11387.099609375,203700,0.0023149606664707445,0.0023122852731850252
2018-08-07,11423.150390625,11428.9501953125,11359.7001953125,11389.4501953125,226400,0.00020642534254866618,0.00020640403976921495
2018-08-08,11412.5,11459.9501953125,11379.2998046875,11450.0,210500,0.005316306199962151,0.005302224530419492
2018-08-09,11493.25,11495.2001953125,11454.099609375,11470.7001953125,302200,0.001807877319869089,0.0018062450766348273
2018-08-10,11474.9501953125,11478.75,11419.650390625,11429.5,0,-0.003591776841080363,-0.003598242758917501
2018-08-13,11369.599609375,11406.2998046875,11340.2998046875,11355.75,246900,-0.006452600726191027,-0.006473508743511776
2018-08-14,11381.7001953125,11452.4501953125,11370.7998046875,11435.099609375,232600,0.006987615029830696,0.00696331478277028
2018-08-16,11397.150390625,11449.849609375,11366.25,11385.0498046875,290600,-0.004376857779749166,-0.004386464262815843
2018-08-17,11437.150390625,11486.4501953125,11431.7998046875,11470.75,234700,0.0075274326228431665,0.007499242877784467
2018-08-20,11502.099609375,11565.2998046875,11499.650390625,11551.75,232600,0.007061438877143944,0.007036623669863275
2018-08-21,11576.2001953125,11581.75,11539.599609375,11570.900390625,224200,0.00165779129785526,0.001656418678663017
2018-08-23,11620.7001953125,11620.7001953125,11546.7001953125,11582.75,248500,0.0010240870610727093,0.001023563041648874
2018-08-24,11566.599609375,11604.599609375,11532.0,11557.099609375,218800,-0.0022145337355118366,-0.0022169894415104054
2018-08-27,11605.849609375,11700.9501953125,11595.599609375,11691.9501953125,199500,0.011668203138797129,0.011600654595540067
2018-08-28,11731.9501953125,11760.2001953125,11710.5,11738.5,241900,0.003981355027167455,0.003973450407027797
2018-08-29,11744.9501953125,11753.2001953125,11678.849609375,11691.900390625,251600,-0.003969809547642367,-0.003977710157774837
2018-08-30,11694.75,11698.7998046875,11639.7001953125,11676.7998046875,313800,-0.0012915424723947133,-0.0012923772322029556
2018-08-31,11675.849609375,11727.650390625,11640.099609375,11680.5,346500,0.00031688436681198695,0.0003168341695652239
2018-09-03,11751.7998046875,11751.7998046875,11567.400390625,11582.349609375,234400,-0.00840292715423141,-0.008438430776075216
2018-09-04,11598.75,11602.5498046875,11496.849609375,11520.2998046875,254800,-0.00535727264157837,-0.005371674285373425
2018-09-05,11514.849609375,11542.650390625,11393.849609375,11476.9501953125,246100,-0.0037628889968090995,-0.003769986473883496
2018-09-06,11514.150390625,11562.25,11436.0498046875,11536.900390625,247900,0.005223530144531363,0.005209934834070753
2018-09-07,11558.25,11603.0,11484.400390625,11589.099609375,295900,0.0045245444601755835,0.0045143394792379185
2018-09-10,11570.25,11573.0,11427.2998046875,11438.099609375,286700,-0.013029485041085365,-0.013115113390097494
2018-09-11,11476.849609375,11479.400390625,11274.0,11287.5,0,-0.013166488710376734,-0.013253935347788789
2018-09-12,11340.099609375,11380.75,11250.2001953125,11369.900390625,268200,0.0073001453488372725,0.007273628261968242
2018-09-14,11443.5,11523.25,11430.5498046875,11515.2001953125,276600,0.012779338401883056,0.012698371727607837
2018-09-17,11464.9501953125,11464.9501953125,11366.900390625,11377.75,201400,-0.011936413868727347,-0.012008224872722099
2018-09-18,11381.5498046875,11411.4501953125,11268.9501953125,11278.900390625,240900,-0.008687975159851424,-0.008725935642451747
2018-09-19,11326.650390625,11332.0498046875,11210.900390625,11234.349609375,250600,-0.003949922395540484,-0.003957743942134398
2018-09-21,11271.2998046875,11346.7998046875,10866.4501953125,11143.099609375,719000,-0.00812241056873042,-0.008155577062129398
2018-09-24,11164.400390625,11170.150390625,10943.599609375,10967.400390625,0,-0.015767535507102526,-0.015893165427847328
2018-09-25,10969.9501953125,11080.599609375,10882.849609375,11067.4501953125,405000,0.009122472156029238,0.009081113743931286
2018-09-26,11145.5498046875,11145.5498046875,10993.0498046875,11053.7998046875,340500,-0.0012333817079910325,-0.001234142949208208
2018-09-27,11079.7998046875,11089.4501953125,10953.349609375,10977.5498046875,405700,-0.006898080420062014,-0.006921982157626523
2018-09-28,11008.099609375,11034.099609375,10850.2998046875,10930.4501953125,478100,-0.004290539347394984,-0.004299770124143364
2018-10-01,10930.900390625,11035.650390625,10821.5498046875,11008.2998046875,387000,0.007122269255513958,0.007097025685968254
2018-10-03,10982.7001953125,10989.0498046875,10843.75,10858.25,386800,-0.01363060666494631,-0.013724356268050715
2018-10-04,10754.7001953125,10754.7001953125,10547.25,10599.25,425100,-0.023852830796859514,-0.024141915818458322
2018-10-05,10514.099609375,10540.650390625,10261.900390625,10316.4501953125,606400,-0.026681114672028716,-0.027043516339215604
2018-10-08,10310.150390625,10398.349609375,10198.400390625,10348.0498046875,456200,0.003063031253653259,0.003058349730753957
2018-10-09,10390.2998046875,10397.599609375,10279.349609375,10301.0498046875,430500,-0.004541918611438267,-0.004552264462335634
2018-10-10,10331.849609375,10482.349609375,10318.25,10460.099609375,0,0.015440154906845027,0.015322168649223668
2018-10-11,10169.7998046875,10335.9501953125,10138.599609375,10234.650390625,483500,-0.021553257346415555,-0.021788921165731508
2018-10-12,10331.5498046875,10492.4501953125,10322.150390625,10472.5,343500,0.02323964183406524,0.022973713528550762
2018-10-15,10524.2001953125,10526.2998046875,10410.150390625,10512.5,259500,0.003819527333492445,0.003812251460013522
2018-10-16,10550.150390625,10604.900390625,10525.2998046875,10584.75,265200,0.006872770511296089,0.006849260681022563
2018-10-17,10688.7001953125,10710.150390625,10436.4501953125,10453.0498046875,284800,-0.012442447418455793,-0.012520502809902525
2018-10-19,10339.7001953125,10380.099609375,10249.599609375,10303.5498046875,357500,-0.014302046081609565,-0.014405306077947945
2018-10-22,10405.849609375,10408.5498046875,10224.0,10245.25,297300,-0.0056582251546914986,-0.005674293551714025
2018-10-23,10152.599609375,10222.099609375,10102.349609375,10146.7998046875,302600,-0.009609350217173795,-0.009655817945697833
2018-10-24,10278.150390625,10290.650390625,10126.7001953125,10224.75,351400,0.007682244334463961,0.007652886157385112
2018-10-25,10135.0498046875,10166.599609375,10079.2998046875,10124.900390625,0,-0.009765481735494741,-0.009813476770964884
2018-10-26,10122.349609375,10128.849609375,10004.5498046875,10030.0,364300,-0.0093729702973544,-0.009417173007402645
2018-10-29,10078.099609375,10275.2998046875,10020.349609375,10250.849609375,364400,0.022018904224825553,0.021779988895005153
2018-10-30,10239.400390625,10285.099609375,10175.349609375,10198.400390625,289800,-0.005116572845048073,-0.005129707325392901
2018-10-31,10209.5498046875,10396.0,10105.099609375,10386.599609375,375000,0.01845379780568379,0.018285592676591408
2018-11-01,10441.7001953125,10441.900390625,10341.900390625,10380.4501953125,348500,-0.0005920526730374132,-0.0005922280054286613
2018-11-02,10462.2998046875,10606.9501953125,10457.7001953125,10553.0,421200,0.01662257430466929,0.016485931474334168
2018-11-05,10558.75,10558.7998046875,10477.0,10524.0,301900,-0.0027480337344830685,-0.0027518165109068284
2018-11-06,10552.0,10600.25,10491.4501953125,10530.0,0,0.0005701254275940482,0.0005699629678378127
2018-11-07,10614.4501953125,10616.4501953125,10582.2998046875,10598.400390625,31200,0.006495763592117676,0.006474757039787639
2018-11-09,10614.7001953125,10619.5498046875,10544.849609375,10585.2001953125,296600,-0.0012454893970770264,-0.0012462656636175824
2018-11-12,10607.7998046875,10645.5,10464.0498046875,10482.2001953125,259700,-0.009730567027500525,-0.009778218363148
2018-11-13,10451.900390625,10596.25,10440.5498046875,10582.5,254600,0.009568583199961456,0.009523094254035388
2018-11-14,10634.900390625,10651.599609375,10532.7001953125,10576.2998046875,384500,-0.0005858913595558901,-0.000586063060967349
2018-11-15,10580.599609375,10646.5,10557.5,10616.7001953125,0,0.0038198983927342223,0.003812621107308771
2018-11-16,10644.0,10695.150390625,10631.150390625,10682.2001953125,342800,0.006169525256907837,0.006150571652505879
2018-11-19,10731.25,10774.7001953125,10688.7998046875,10763.400390625,272100,0.0076014485618920435,0.007572703131144189
2018-11-20,10740.099609375,10740.849609375,10640.849609375,10656.2001953125,295200,-0.009959695953136949,-0.010009625523730635
2018-11-21,10670.9501953125,10671.2998046875,10562.349609375,10600.0498046875,300900,-0.00526926949530282,-0.005283201056794732
2018-11-22,10612.650390625,10646.25,10512.0,10526.75,239500,-0.006915043423200262,-0.006939063131569403
2018-11-26,10568.2998046875,10637.7998046875,10489.75,10628.599609375,0,0.009675313783931383,0.009628807669070337
2018-11-27,10621.4501953125,10695.150390625,10596.349609375,10685.599609375,0,0.0053628890065369195,0.005348559924642655
2018-11-28,10708.75,10757.7998046875,10699.849609375,10728.849609375,424500,0.004047503329813518,0.004039334223781422
2018-11-29,10808.7001953125,10883.0498046875,10782.349609375,10858.7001953125,691300,0.012102936537020215,0.01203028163822991
2018-11-30,10892.099609375,10922.4501953125,10835.099609375,10876.75,453900,0.001662243580064171,0.0016608635822544591
2018-12-03,10930.7001953125,10941.2001953125,10845.349609375,10883.75,409700,0.000643574597191332,0.0006433675918710725
2018-12-04,10877.099609375,10890.9501953125,10833.349609375,10869.5,322100,-0.0013092913747559942,-0.0013101492455916805
2018-12-05,10820.4501953125,10821.0498046875,10747.9501953125,10782.900390625,312300,-0.007967211865771207,-0.007999119688821785
2018-12-06,10718.150390625,10722.650390625,10588.25,10601.150390625,318500,-0.01685539079615528,-0.016999059579474705
2018-12-07,10644.7998046875,10704.5498046875,10599.349609375,10693.7001953125,325800,0.008730166187373989,0.008692278636606364
2018-12-10,10508.7001953125,10558.849609375,10474.9501953125,10488.4501953125,381300,-0.019193543511718203,-0.019380130942287622
2018-12-11,10350.0498046875,10567.150390625,10333.849609375,10549.150390625,425500,0.005787336945131116,0.005770654643792864
2018-12-12,10591.0,10752.2001953125,10560.7998046875,10737.599609375,360500,0.01786392380162427,0.01770623905775317
2018-12-13,10810.75,10838.599609375,10749.5,10791.5498046875,376200,0.005024418610784842,0.005011838341027756
2018-12-14,10784.5,10815.75,10752.099609375,10805.4501953125,340100,0.001288081033454791,0.0012872521687673252
2018-12-17,10853.2001953125,10900.349609375,10844.849609375,10888.349609375,296900,0.007672000015183311,0.007642719885813293
2018-12-18,10850.900390625,10915.400390625,10819.099609375,10908.7001953125,286100,0.0018690239262686426,0.0018672794743268973
2018-12-19,10930.5498046875,10985.150390625,10928.0,10967.2998046875,312100,0.005371823253533137,0.005357446474361821
2018-12-20,10885.2001953125,10962.5498046875,10880.0498046875,10951.7001953125,318900,-0.001422374664029169,-0.0014233871991216722
2018-12-21,10944.25,10963.650390625,10738.650390625,10754.0,377500,-0.018052009440243655,-0.01821693480035375
2018-12-24,10780.900390625,10782.2998046875,10649.25,10663.5,223400,-0.008415473312255894,-0.0084510833319759
2018-12-26,10635.4501953125,10747.5,10534.5498046875,10729.849609375,263700,0.006222123071693231,0.006202845587195536
2018-12-27,10817.900390625,10834.2001953125,10764.4501953125,10779.7998046875,456100,0.004655255863871277,0.004644453671963747
2018-12-28,10820.9501953125,10893.599609375,10817.150390625,10859.900390625,245500,0.007430619064249022,0.007403148015077441
2018-12-31,10913.2001953125,10923.5498046875,10853.2001953125,10862.5498046875,180900,0.00024396301689710853,0.00024393326275947618
2019-01-02,10868.849609375,10895.349609375,10735.0498046875,10792.5,309700,-0.006448744166611009,-0.006469627145011258
2019-01-03,10796.7998046875,10814.0498046875,10661.25,10672.25,286200,-0.011141996757007222,-0.011204533761500678
2019-01-04,10699.7001953125,10741.0498046875,10628.650390625,10727.349609375,296600,0.0051628859308019415,0.005149603931252372
2019-01-07,10804.849609375,10835.9501953125,10750.150390625,10771.7998046875,269400,0.004143632577580325,0.0041350713736188
2019-01-08,10786.25,10818.4501953125,10733.25,10802.150390625,277700,0.0028175965472634346,0.0028136345625500237
2019-01-09,10862.400390625,10870.400390625,10749.400390625,10855.150390625,333000,0.004906430486840696,0.004894433183399924
2019-01-10,10859.349609375,10859.349609375,10801.7998046875,10821.599609375,254400,-0.0030907707440862575,-0.003095557040757343
2019-01-11,10834.75,10850.150390625,10739.400390625,10794.9501953125,260800,-0.0024626132017869784,-0.002465650421033224
2019-01-14,10807.0,10808.0,10692.349609375,10737.599609375,298800,-0.005312723532749919,-0.005326886232360374
2019-01-15,10777.5498046875,10896.9501953125,10777.5498046875,10886.7998046875,310700,0.013895116296032572,0.013799464213669708
2019-01-16,10899.650390625,10928.150390625,10876.900390625,10890.2998046875,276500,0.0003214902508350548,0.000321438583917674
2019-01-17,10920.849609375,10930.650390625,10844.650390625,10905.2001953125,271700,0.001368225934293088,0.001367290766106507
2019-01-18,10914.849609375,10928.2001953125,10852.2001953125,10906.9501953125,323800,0.0001604738994844812,0.0001604610249256087
2019-01-21,10919.349609375,10987.4501953125,10885.75,10961.849609375,288800,0.0050334340103701525,0.005020808629692447
2019-01-22,10949.7998046875,10949.7998046875,10864.150390625,10922.75,300800,-0.0035668806605010372,-0.003573257146616415
2019-01-23,10931.0498046875,10944.7998046875,10811.9501953125,10831.5,298900,-0.008354123274816327,-0.008389214537151498
2019-01-24,10844.0498046875,10866.599609375,10798.650390625,10849.7998046875,361100,0.001689498655541799,0.0016880730581589696
2019-01-25,10859.75,10931.7001953125,10756.4501953125,10780.5498046875,463400,-0.006382606245884936,-0.006403062164968701
2019-01-28,10792.4501953125,10804.4501953125,10630.9501953125,10661.5498046875,419700,-0.011038398055380982,-0.011099773244971002
2019-01-29,10653.7001953125,10690.349609375,10583.650390625,10652.2001953125,356900,-0.0008769465552643796,-0.0008773312978436732
2019-01-30,10702.25,10710.2001953125,10612.849609375,10651.7998046875,410100,-3.758759858607519e-05,-3.758830501756102e-05
2019-01-31,10690.5498046875,10838.0498046875,10678.5498046875,10830.9501953125,604800,0.016818790618479573,0.016678920874278535
2019-02-01,10851.349609375,10983.4501953125,10813.4501953125,10893.650390625,482300,0.005788983808607595,0.005772292029816439
2019-02-04,10876.75,10927.900390625,10814.150390625,10912.25,318300,0.0017073807867935553,0.0017059248691862574
2019-02-05,10908.650390625,10956.7001953125,10886.7001953125,10934.349609375,268100,0.0020252110586724825,0.0020231630833451035
2019-02-06,10965.099609375,11072.599609375,10962.7001953125,11062.4501953125,298500,0.011715428033110209,0.011647333726075786
2019-02-07,11070.4501953125,11118.099609375,11043.599609375,11069.400390625,263500,0.0006282690714798367,0.0006280717930916961
2019-02-08,11023.5,11041.2001953125,10925.4501953125,10943.599609375,352800,-0.011364733121095205,-0.011429805188104512
2019-02-11,10930.900390625,10930.900390625,10857.099609375,10888.7998046875,286000,-0.005007475295473629,-0.005020054711538446
2019-02-12,10879.7001953125,10910.900390625,10823.7998046875,10831.400390625,292300,-0.005271417887377283,-0.005285360831624847
2019-02-14,10786.099609375,10792.7001953125,10718.75,10746.0498046875,627000,-0.007879921603800577,-0.007911132252471094
2019-02-15,10780.25,10785.75,10620.400390625,10724.400390625,521900,-0.002014639281967212,-0.0020166713974639474
2019-02-18,10738.650390625,10759.900390625,10628.400390625,10640.9501953125,345400,-0.00778133902809619,-0.007811771620307167
2019-02-19,10636.7001953125,10722.849609375,10585.650390625,10604.349609375,291500,-0.0034395975233135756,-0.003445526538395949
2019-02-20,10655.4501953125,10752.7001953125,10646.400390625,10735.4501953125,289200,0.012362906803977669,0.01228711014362708
2019-02-21,10744.099609375,10808.849609375,10721.5,10789.849609375,279600,0.005067269008080633,0.005054473607434973
2019-02-22,10782.7001953125,10801.5498046875,10758.400390625,10791.650390625,396800,0.00016689586186968697,0.00016688193630472358
2019-02-25,10813.25,10887.099609375,10788.0498046875,10880.099609375,385900,0.008196078963680797,0.008162673513503154
2019-02-26,10775.2998046875,10888.75,10729.2998046875,10835.2998046875,415000,-0.004117591409631749,-0.004126092031890748
2019-02-27,10881.2001953125,10939.7001953125,10751.2001953125,10806.650390625,381100,-0.002644081343287419,-0.0026475831003447124
2019-02-28,10865.7001953125,10865.7001953125,10784.849609375,10792.5,644200,-0.0013094150466157473,-0.0013102730795938819
2019-03-01,10842.650390625,10877.900390625,10823.099609375,10863.5,308500,0.006578642575862936,0.006557097745663337
2019-03-05,10864.849609375,10994.900390625,10817.0,10987.4501953125,373200,0.011409784628572783,0.011345183958033887
2019-03-06,11024.849609375,11062.2998046875,10998.849609375,11053.0,372600,0.005965879573721855,0.0059481541776258
2019-03-07,11077.9501953125,11089.0498046875,11027.099609375,11058.2001953125,321200,0.00047047817900125466,0.00047036753884395607
2019-03-08,11038.849609375,11049.0,11008.9501953125,11035.400390625,326600,-0.0020618006804727917,-0.002063929117607768
2019-03-11,11068.75,11180.900390625,11059.849609375,11168.0498046875,352200,0.012020353532001593,0.01194868284879883
2019-03-12,11231.349609375,11320.400390625,11227.0,11301.2001953125,391300,0.011922438828049886,0.011851926453906937
2019-03-13,11326.2001953125,11352.2998046875,11276.599609375,11341.7001953125,383000,0.0035836901656514097,0.0035772840485137174
2019-03-14,11382.5,11383.4501953125,11313.75,11343.25,294500,0.00013664659273393553,0.00013663725743869715
2019-03-15,11376.849609375,11487.0,11370.7998046875,11426.849609375,463700,0.007369987382364052,0.0073429617299341126
2019-03-18,11473.849609375,11530.150390625,11412.5,11462.2001953125,320300,0.0030936423551506387,0.003088866890158751
2019-03-19,11500.2998046875,11543.849609375,11451.25,11532.400390625,326100,0.006124495656707252,0.006105817158639563
2019-03-20,11553.349609375,11556.099609375,11503.099609375,11521.0498046875,366300,-0.0009842344657688962,-0.000984719142560533
2019-03-22,11549.2001953125,11572.7998046875,11434.5498046875,11456.900390625,386200,-0.005568018119008533,-0.005583577314696379
2019-03-25,11395.650390625,11395.650390625,11311.599609375,11354.25,294500,-0.008959700017030503,-0.00900007950222714
2019-03-26,11375.2001953125,11496.75,11352.4501953125,11483.25,282600,0.011361384503600025,0.011297328693216403
2019-03-27,11531.4501953125,11546.2001953125,11413.0,11445.0498046875,350400,-0.0033266013813597617,-0.003332146821462826
2019-03-28,11463.650390625,11588.5,11452.4501953125,11570.0,527700,0.010917400749215211,0.010858236155870985
2019-04-01,11665.2001953125,11738.099609375,11644.75,11669.150390625,379600,0.008569610252809001,0.008533099582725414
2019-04-02,11711.5498046875,11729.349609375,11655.849609375,11713.2001953125,386100,0.0037748939051200914,0.0037677868730356698
2019-04-03,11735.2998046875,11761.0,11629.150390625,11643.9501953125,365800,-0.005912133221091298,-0.005929679070481917
2019-04-04,11660.2001953125,11662.5498046875,11559.2001953125,11598.0,349000,-0.003946272059030087,-0.00395407913661549
2019-04-05,11638.400390625,11689.650390625,11609.5,11665.9501953125,266700,0.005858785593421345,0.005841689650914404
2019-04-08,11704.349609375,11710.2998046875,11549.099609375,11604.5,260900,-0.005267483083991831,-0.005281405184150887
2019-04-09,11612.0498046875,11683.900390625,11569.7001953125,11671.9501953125,300500,0.005812417192683883,0.005795590267793092
2019-04-10,11646.849609375,11680.0498046875,11571.75,11584.2998046875,359900,-0.007509489773200095,-0.007537827950835446
2019-04-11,11592.5498046875,11606.7001953125,11550.5498046875,11596.7001953125,279800,0.0010704480058416621,0.001069875484907893
2019-04-12,11612.849609375,11657.349609375,11578.7998046875,11643.4501953125,246000,0.0040313191867198395,0.004023215192085498
2019-04-15,11667.0,11704.599609375,11648.25,11690.349609375,290000,0.0040279653604204935,0.004019874826265466
2019-04-16,11736.2001953125,11810.9501953125,11731.5498046875,11787.150390625,354300,0.008280400884877803,0.008246306446581041
2019-04-18,11856.150390625,11856.150390625,11738.5,11752.7998046875,339700,-0.0029142400664389223,-0.002918494732110024
2019-04-22,11727.0498046875,11727.0498046875,11583.9501953125,11594.4501953125,260400,-0.013473352052831178,-0.013564941266796056
2019-04-23,11612.9501953125,11645.9501953125,11564.7998046875,11575.9501953125,272500,-0.0015955909670886115,-0.001596865278055509
2019-04-24,11601.5,11740.849609375,11578.849609375,11726.150390625,335200,0.012975193636658888,0.01289173694761699
2019-04-25,11735.7001953125,11796.75,11624.2998046875,11641.7998046875,604400,-0.007193374050953438,-0.007219371112150696
2019-04-26,11683.75,11762.900390625,11661.75,11754.650390625,333500,0.009693568677590747,0.00964688746996101
2019-04-30,11748.75,11756.25,11655.900390625,11748.150390625,532600,-0.0005529726349993158,-0.0005531255807526546
2019-05-02,11725.5498046875,11789.2998046875,11699.5498046875,11724.75,380300,-0.001991836148409698,-0.0019938224921164987
2019-05-03,11722.599609375,11770.900390625,11699.349609375,11712.25,305500,-0.0010661208128105448,-0.0010666895238500144
2019-05-06,11605.7998046875,11632.5498046875,11571.349609375,11598.25,299000,-0.00973339879186319,-0.00978107795702945
2019-05-07,11651.5,11657.0498046875,11484.4501953125,11497.900390625,337500,-0.008652133673183404,-0.008689780690377916
2019-05-08,11478.7001953125,11479.099609375,11346.9501953125,11359.4501953125,372800,-0.012041345863927244,-0.012114430150335101
2019-05-09,11322.400390625,11357.599609375,11255.0498046875,11301.7998046875,373000,-0.005075103956069027,-0.005088026035289156
2019-05-10,11314.150390625,11345.7998046875,11251.0498046875,11278.900390625,387300,-0.0020261741013145596,-0.0020282295690185756
2019-05-13,11258.7001953125,11300.2001953125,11125.599609375,11148.2001953125,357600,-0.011588026384304118,-0.011655690801341047
2019-05-14,11151.650390625,11294.75,11108.2998046875,11222.0498046875,398100,0.006624352638199937,0.006602508032110876
2019-05-15,11271.7001953125,11286.7998046875,11136.9501953125,11157.0,414200,-0.005796606308085428,-0.0058134718372332824
2019-05-16,11180.349609375,11281.5498046875,11143.349609375,11257.099609375,350700,0.008971910851931497,0.00893190238330833
2019-05-17,11261.900390625,11426.150390625,11259.849609375,11407.150390625,412100,0.013329435330307948,0.013241380029110125
2019-05-20,11651.900390625,11845.2001953125,11591.7001953125,11828.25,452100,0.036915407876193296,0.03625035203017847
2019-05-21,11863.650390625,11883.5498046875,11682.7998046875,11709.099609375,381000,-0.010073374389702572,-0.010124454145348287
2019-05-22,11727.9501953125,11784.7998046875,11682.400390625,11737.900390625,355900,0.0024596922232125173,0.0024566721316128274
2019-05-23,11901.2998046875,12041.150390625,11614.5,11657.0498046875,569000,-0.006887993870017373,-0.006911825598039294
2019-05-24,11748.0,11859.0,11658.099609375,11844.099609375,374600,0.016046067214389392,0.01591868987483049
2019-05-27,11855.5,11957.150390625,11812.400390625,11924.75,348400,0.006809330661248669,0.00678625187736734
2019-05-28,11958.349609375,11958.5498046875,11864.900390625,11928.75,598300,0.0003354368016101894,0.00033538055526396364
2019-05-29,11905.7998046875,11931.900390625,11836.7998046875,11861.099609375,318100,-0.005671205333752538,-0.005687347678687314
2019-05-30,11865.2998046875,11968.5498046875,11859.400390625,11945.900390625,421200,0.007149487319284775,0.007124050901094894
2019-05-31,11999.7998046875,12039.25,11829.4501953125,11922.7998046875,438900,-0.0019337668306382838,-0.001935638971628022
2019-06-03,11953.75,12103.0498046875,11920.099609375,12088.5498046875,315300,0.013901936014629301,0.013806190447529239
2019-06-04,12052.650390625,12095.2001953125,12005.849609375,12021.650390625,289200,-0.005534114111566901,-0.0055494840533033855
2019-06-06,12039.7998046875,12039.7998046875,11830.25,11843.75,415200,-0.014798333410505293,-0.014908921111632112
2019-06-07,11865.2001953125,11897.5,11769.5,11870.650390625,302500,0.0022712730870713127,0.0022686976453037896
2019-06-10,11934.900390625,11975.0498046875,11871.75,11922.7001953125,303300,0.004384747505377318,0.004375162508348263
2019-06-11,11959.849609375,12000.349609375,11904.349609375,11965.599609375,332200,0.0035981290613484873,0.003591671280959742
2019-06-12,11962.4501953125,11962.4501953125,11866.349609375,11906.2001953125,283700,-0.004964181988503125,-0.0049765444699523915
2019-06-13,11873.900390625,11931.349609375,11817.0498046875,11914.0498046875,447900,0.0006592875347493088,0.0006590703001973485
2019-06-14,11910.099609375,11911.849609375,11797.7001953125,11823.2998046875,390300,-0.007617057296864349,-0.00764621523730026
2019-06-17,11844.0,11844.0498046875,11657.75,11672.150390625,295500,-0.012784029548381648,-0.012866448437943826
2019-06-18,11677.0498046875,11727.2001953125,11641.150390625,11691.5,365500,0.0016577587443133979,0.0016563861789982873
2019-06-19,11744.4501953125,11802.5,11625.099609375,11691.4501953125,446900,-4.259905700743083e-06,-4.259914774167141e-06
2019-06-20,11653.650390625,11843.5,11635.0498046875,11831.75,442000,0.012000205478679637,0.011928773907426743
2019-06-21,11827.599609375,11827.9501953125,11705.099609375,11724.099609375,468400,-0.009098433505187353,-0.009140077037704798
2019-06-24,11725.7998046875,11754.0,11670.2001953125,11699.650390625,277600,-0.002085381356743965,-0.0020875587921609646
2019-06-25,11681.0,11814.400390625,11651.0,11796.4501953125,300500,0.008273734808782462,0.00823969509310694
2019-06-26,11768.150390625,11871.849609375,11757.5498046875,11847.5498046875,327900,0.004331778503613437,0.0043224233576614314
2019-06-27,11860.849609375,11911.150390625,11821.0498046875,11841.5498046875,480200,-0.0005064338279993086,-0.0005065621089227406
2019-06-28,11861.150390625,11871.7001953125,11775.5,11788.849609375,303900,-0.004450447465215945,-0.004460380187531091
2019-07-01,11839.900390625,11884.650390625,11830.7998046875,11865.599609375,278400,0.006510389269786421,0.006489288220080564
2019-07-02,11890.2998046875,11917.4501953125,11814.7001953125,11910.2998046875,363200,0.003767209141051886,0.003760130979735517
2019-07-03,11932.150390625,11945.2001953125,11887.0498046875,11916.75,340500,0.0005415644793391738,0.0005414178862205623
2019-07-04,11928.7998046875,11969.25,11923.650390625,11946.75,333600,0.0025174649128327786,0.0025143014062712723
2019-07-05,11964.75,11981.75,11797.900390625,11811.150390625,530700,-0.011350334557515662,-0.011415241213692496
2019-07-08,11770.400390625,11771.900390625,11523.2998046875,11558.599609375,464000,-0.02138240331360608,-0.021614318798492883
2019-07-09,11531.599609375,11582.5498046875,11461.0,11555.900390625,442500,-0.00023352472109261502,-0.0002335519922360358
2019-07-10,11536.150390625,11593.7001953125,11475.650390625,11498.900390625,337600,-0.004932545113165099,-0.0049447502653284115
2019-07-11,11561.4501953125,11599.0,11519.5,11582.900390625,317300,0.007305046321514741,0.007278493704286908
2019-07-12,11601.150390625,11639.5498046875,11538.599609375,11552.5,359400,-0.0026245922523520093,-0.002628042532973005
2019-07-15,11614.75,11618.400390625,11532.2998046875,11588.349609375,368800,0.0031031905972733753,0.003098385639232596
2019-07-16,11596.650390625,11670.0498046875,11573.9501953125,11662.599609375,480200,0.006407297199588324,0.006386857732255645
2019-07-17,11670.75,11706.650390625,11651.150390625,11687.5,464800,0.0021350634900458854,0.00213278748103271
2019-07-18,11675.599609375,11677.150390625,11582.400390625,11596.900390625,498300,-0.007751838235294128,-0.007782039913567366
2019-07-19,11627.9501953125,11640.349609375,11399.2998046875,11419.25,446000,-0.01531878214359883,-0.015437326885714045
2019-07-22,11392.849609375,11398.150390625,11301.25,11346.2001953125,516000,-0.006397075524881224,-0.00641762449493666
2019-07-23,11372.25,11398.150390625,11302.7998046875,11331.0498046875,458900,-0.0013352832106081625,-0.001336175495625011
2019-07-24,11322.4501953125,11359.75,11229.7998046875,11271.2998046875,413200,-0.005273121293252303,-0.005287073265915101
2019-07-25,11290.400390625,11361.400390625,11239.349609375,11252.150390625,553700,-0.0016989534831232112,-0.001700398341321937
2019-07-26,11247.4501953125,11307.599609375,11210.0498046875,11284.2998046875,522700,0.0028571795564771296,0.0028531055771835413
2019-07-29,11307.5,11310.9501953125,11152.400390625,11189.2001953125,482900,-0.008427603929443195,-0.008463316975262767
2019-07-30,11213.7001953125,11267.4501953125,11072.650390625,11085.400390625,479100,-0.009276785013729971,-0.009320082365343962
2019-07-31,11034.0498046875,11145.2998046875,10999.400390625,11118.0,536700,0.00294076968140633,0.002936454076975709
2019-08-01,11060.2001953125,11076.75,10881.0,10980.0,499900,-0.012412304371289817,-0.012489980449893174
2019-08-02,10930.2998046875,11080.150390625,10848.9501953125,10997.349609375,547400,0.0015801101434427256,0.001578863082899198
2019-08-05,10895.7998046875,10895.7998046875,10782.599609375,10862.599609375,506600,-0.012252952282714391,-0.012328638591802651
2019-08-06,10815.400390625,11018.5498046875,10813.7998046875,10948.25,517900,0.007884888857643269,0.007853965566277007
2019-08-07,10958.099609375,10975.650390625,10835.900390625,10855.5,548500,-0.00847167355513434,-0.00850776214660283
2019-08-08,10899.2001953125,11058.0498046875,10842.9501953125,11032.4501953125,482500,0.016300510829763803,0.016169083798241606
2019-08-09,11087.900390625,11181.4501953125,11062.7998046875,11109.650390625,538100,0.006997556657477588,0.006973187375465333
2019-08-13,11139.400390625,11145.900390625,10901.599609375,10925.849609375,624600,-0.01654424529912324,-0.016682629759426824
2019-08-14,11003.25,11078.150390625,10935.599609375,11029.400390625,511500,0.009477595331455646,0.009432964697282421
2019-08-16,11043.650390625,11068.650390625,10924.2998046875,11047.7998046875,470900,0.0016682152620135504,0.00166682533651526
2019-08-19,11094.7998046875,11146.900390625,11037.849609375,11053.900390625,369500,0.0005521991749806165,0.0005520467691192048
2019-08-20,11063.900390625,11076.2998046875,10985.2998046875,11017.0,444700,-0.0033382235519596737,-0.0033438078514244876
2019-08-21,11018.150390625,11034.2001953125,10906.650390625,10918.7001953125,557900,-0.008922556475220111,-0.008962600859057328
2019-08-22,10905.2998046875,10908.25,10718.2998046875,10741.349609375,668200,-0.016242829527789215,-0.016376190359974212
2019-08-23,10699.599609375,10862.5498046875,10637.150390625,10829.349609375,667100,0.008192639025843995,0.008159261534645986
2019-08-26,11000.2998046875,11070.2998046875,10756.5498046875,11057.849609375,684100,0.021100066785376237,0.020880542984676998
2019-08-27,11106.5498046875,11141.75,11049.5,11105.349609375,685600,0.004295591066795668,0.004286391351556263
2019-08-28,11101.2998046875,11129.650390625,10987.650390625,11046.099609375,550000,-0.005335266523260329,-0.005349549884040612
2019-08-29,10996.0498046875,11021.099609375,10922.400390625,10948.2998046875,649900,-0.0088537862364102,-0.008893213897011299
2019-08-30,10987.7998046875,11042.599609375,10874.7998046875,11023.25,628200,0.006845829640179435,0.00682250334649108
2019-09-03,10960.9501953125,10967.5,10772.7001953125,10797.900390625,483000,-0.02044311880570615,-0.020654971620241963
2019-09-04,10790.400390625,10858.75,10746.349609375,10844.650390625,508800,0.004329545403159107,0.004320199886309888
2019-09-05,10860.9501953125,10920.099609375,10816.0,10847.900390625,595700,0.000299686931614751,0.00029964203445609783
2019-09-06,10883.7998046875,10957.0498046875,10867.4501953125,10946.2001953125,497200,0.009061643373168504,0.00902083303672415
2019-09-09,10936.7001953125,11028.849609375,10889.7998046875,11003.0498046875,412500,0.005193547382711383,0.005180107429441778
2019-09-11,11028.5,11054.7998046875,11011.650390625,11035.7001953125,687100,0.0029673946046386845,0.0029630005796600876
2019-09-12,11058.2998046875,11081.75,10964.9501953125,10982.7998046875,551400,-0.00479356902496042,-0.004805095025496559
2019-09-13,10986.7998046875,11084.4501953125,10945.75,11075.900390625,624300,0.008476944640087414,0.008441217109748283
2019-09-16,10994.849609375,11052.7001953125,10968.2001953125,11003.5,434500,-0.006536749886833726,-0.006558207998363749
2019-09-17,11000.099609375,11000.099609375,10796.5,10817.599609375,482000,-0.01689465993774708,-0.017039002763312223
2019-09-18,10872.7998046875,10885.150390625,10804.849609375,10840.650390625,519200,0.002130859163064436,0.002128592102631135
2019-09-19,10845.2001953125,10845.2001953125,10670.25,10704.7998046875,642600,-0.012531589991591652,-0.012610772583449698
2019-09-20,10746.7998046875,11381.900390625,10691.0,11274.2001953125,1356800,0.05319112930777714,0.051824725995144275
2019-09-23,11542.7001953125,11694.849609375,11471.349609375,11600.2001953125,882800,0.028915576657539077,0.028505409421526316
2019-09-24,11590.7001953125,11655.0498046875,11539.2001953125,11588.2001953125,651700,-0.0010344649056013289,-0.0010350003337080292
2019-09-25,11564.849609375,11564.9501953125,11416.099609375,11440.2001953125,629100,-0.012771612287114875,-0.01285387045749521
2019-09-26,11469.849609375,11610.849609375,11466.349609375,11571.2001953125,844500,0.01145084856589107,0.011385783826013008
2019-09-27,11556.349609375,11593.599609375,11499.75,11512.400390625,650000,-0.005081564893442914,-0.005094519950938459
2019-09-30,11491.150390625,11508.25,11390.7998046875,11474.4501953125,756800,-0.003296462425282254,-0.003301907727659163
2019-10-01,11515.400390625,11554.2001953125,11247.900390625,11359.900390625,1305400,-0.009983032105041145,-0.01003319671254013
2019-10-03,11322.25,11370.400390625,11257.349609375,11314.0,1017500,-0.004040562773145462,-0.004048747902700529
2019-10-04,11388.4501953125,11400.2998046875,11158.349609375,11174.75,928500,-0.012307760296977222,-0.012384128036227408
2019-10-07,11196.2001953125,11233.849609375,11112.650390625,11126.400390625,733200,-0.0043266837625002275,-0.004336070945390455
2019-10-09,11152.9501953125,11321.599609375,11090.150390625,11313.2998046875,741100,0.01679783285706482,0.016658309554353663
2019-10-10,11280.5,11293.349609375,11208.5498046875,11234.5498046875,562000,-0.006960833829169011,-0.006985173448092334
2019-10-11,11257.7001953125,11362.900390625,11189.400390625,11305.0498046875,737800,0.006275284833450412,0.006255677219734019
2019-10-14,11335.900390625,11420.4501953125,11290.0498046875,11341.150390625,587600,0.003193315072573366,0.0031882272704231176
2019-10-15,11360.849609375,11462.349609375,11342.099609375,11428.2998046875,527400,0.007684353972992053,0.007654979710518189
2019-10-16,11464.9501953125,11481.0498046875,11411.099609375,11464.0,533500,0.003123841334461419,0.0031189722795879394
2019-10-17,11466.2998046875,11599.099609375,11439.650390625,11586.349609375,797600,0.010672506051552677,0.010615956850818441
2019-10-18,11580.2998046875,11684.7001953125,11553.150390625,11661.849609375,853400,0.006516288783389612,0.006495149556810502
2019-10-22,11657.150390625,11714.349609375,11573.650390625,11588.349609375,867600,-0.006302602285396697,-0.006322547531982618
2019-10-23,11596.2001953125,11651.599609375,11554.400390625,11604.099609375,664200,0.001359123648397631,0.0013582008758651655
2019-10-24,11661.650390625,11679.599609375,11534.650390625,11582.599609375,700500,-0.0018527934715960592,-0.001854512016487498
2019-10-25,11646.150390625,11646.900390625,11490.75,11583.900390625,812000,0.00011230477560042473,0.00011229846989121649
2019-10-29,11643.9501953125,11809.400390625,11627.349609375,11786.849609375,951700,0.017519938181983052,0.017368233407476515
2019-10-30,11883.900390625,11883.9501953125,11784.4501953125,11844.099609375,725200,0.004857107869982835,0.004845350178432992
2019-10-31,11890.4501953125,11945.0,11855.099609375,11877.4501953125,1414800,0.0028157974888274317,0.0028118405572833054
2019-11-01,11886.599609375,11918.2998046875,11843.349609375,11890.599609375,855300,0.0011070906504571099,0.0011064782775295006
2019-11-04,11928.900390625,11989.150390625,11905.349609375,11941.2998046875,823100,0.004263888868356602,0.004254824252091804
2019-11-05,11974.599609375,11978.9501953125,11861.900390625,11917.2001953125,632000,-0.002018173043904281,-0.002020212299297299
2019-11-06,11911.5,12002.900390625,11850.25,11966.0498046875,603400,0.004099084396871566,0.004090706038353768
2019-11-07,12021.099609375,12021.400390625,11946.849609375,12012.0498046875,563000,0.003844209304726398,0.003836839214212366
2019-11-08,11987.150390625,12034.150390625,11888.75,11908.150390625,789300,-0.008649599006986697,-0.008687223905779385
2019-11-11,11879.2001953125,11932.650390625,11853.9501953125,11913.4501953125,549000,0.0004450569159482054,0.0004449579074941643
2019-11-13,11908.2998046875,11946.7998046875,11823.2001953125,11840.4501953125,659000,-0.006127528029514329,-0.006146378372844679
2019-11-14,11858.75,11895.650390625,11802.650390625,11872.099609375,559500,0.002672990768123773,0.0026694246816312177
2019-11-15,11904.2001953125,11973.650390625,11879.25,11895.4501953125,580200,0.001966845520657623,0.001964913812506188
2019-11-18,11915.150390625,11946.2001953125,11867.599609375,11884.5,514400,-0.0009205364347466549,-0.0009209603886071214
2019-11-19,11919.4501953125,11958.849609375,11881.75,11940.099609375,613900,0.004678329704657314,0.004667420332106962
2019-11-20,12004.75,12038.599609375,11966.0498046875,11999.099609375,646700,0.004941332311304558,0.004929163997457979
2019-11-21,12025.650390625,12028.2001953125,11956.900390625,11968.400390625,557700,-0.002558460196964596,-0.0025617386493080496
2019-11-22,11967.2998046875,11968.099609375,11883.5,11914.400390625,486800,-0.004511881140131235,-0.004522090396049399
2019-11-25,11922.4501953125,12084.5,11919.75,12073.75,534300,0.013374538722098483,0.013285889135891809
2019-11-26,12110.2001953125,12132.4501953125,12006.349609375,12037.7001953125,1201300,-0.0029858001604721185,-0.0029902665544935493
2019-11-27,12068.5,12114.900390625,12055.150390625,12100.7001953125,584200,0.005233557820665036,0.005219910352766259
2019-11-28,12132.099609375,12158.7998046875,12099.9501953125,12151.150390625,620500,0.004169196368656758,0.004160529350791835
2019-11-29,12146.2001953125,12147.400390625,12017.400390625,12056.0498046875,804400,-0.007826467690735917,-0.00785725523266999
2019-12-02,12137.0498046875,12137.150390625,12023.7001953125,12048.2001953125,720900,-0.0006510929783939412,-0.000651305031476376
2019-12-03,12067.650390625,12068.599609375,11956.400390625,11994.2001953125,605800,-0.004481997238144242,-0.004492071500914214
2019-12-04,11969.9501953125,12054.7001953125,11935.2998046875,12043.2001953125,747200,0.004085307832292884,0.0040769856204158446
2019-12-05,12071.25,12081.2001953125,11998.75,12018.400390625,562200,-0.00205923710353606,-0.002061360247465576
2019-12-06,12047.349609375,12057.0498046875,11888.849609375,11921.5,609200,-0.008062669529681155,-0.00809534862199821
2019-12-09,11939.099609375,11981.9501953125,11888.0498046875,11937.5,599100,0.001342112989137334,0.0013412131605239934
2019-12-10,11950.5,11953.2001953125,11844.7001953125,11856.7998046875,650200,-0.006760225785340301,-0.006783179618895446
2019-12-11,11867.349609375,11923.2001953125,11832.2998046875,11910.150390625,997700,0.0044995771891509495,0.004489484356039674
2019-12-12,11944.2998046875,12005.5,11934.0,11971.7998046875,752600,0.005176207859728388,0.005162857346029799
2019-12-13,12026.400390625,12098.849609375,12023.599609375,12086.7001953125,597700,0.009597587037832866,0.009551822783961173
2019-12-16,12131.349609375,12134.650390625,12046.2998046875,12053.9501953125,437700,-0.0027095898360001147,-0.002713267419203363
2019-12-17,12082.4501953125,12182.75,12070.349609375,12165.0,499600,0.009212731336046609,0.009170552980705609
2019-12-18,12197.0,12237.7001953125,12163.4501953125,12221.650390625,518900,0.004656834412248179,0.004646024904610523
2019-12-19,12223.400390625,12268.349609375,12191.150390625,12259.7001953125,623100,0.003113311498149862,0.003108475179285728
2019-12-20,12266.4501953125,12293.900390625,12252.75,12271.7998046875,810700,0.000986941701855537,0.0009864549951019103
2019-12-23,12235.4501953125,12287.150390625,12213.25,12262.75,604800,-0.0007374472230261553,-0.0007377192709850936
2019-12-24,12269.25,12283.7001953125,12202.099609375,12214.5498046875,470300,-0.003930618769240168,-0.003938363953434116
2019-12-26,12211.849609375,12221.5498046875,12118.849609375,12126.5498046875,520300,-0.007204522590446127,-0.007230600491364134
2019-12-27,12172.900390625,12258.4501953125,12157.900390625,12245.7998046875,383800,0.009833794601157297,0.009785757510884093
2019-12-30,12274.900390625,12286.4501953125,12213.7998046875,12255.849609375,411100,0.0008206736062803532,0.0008203370378256411
2019-12-31,12247.099609375,12247.099609375,12151.7998046875,12168.4501953125,426900,-0.007131240742024536,-0.007156789574995062
2020-01-01,12202.150390625,12222.2001953125,12165.2998046875,12182.5,304100,0.001154609211690083,0.0011539431631088094
2020-01-02,12198.5498046875,12289.900390625,12195.25,12282.2001953125,407700,0.008183886337984836,0.008150579934013252
2020-01-03,12261.099609375,12265.599609375,12191.349609375,12226.650390625,428800,-0.004522789386603554,-0.004533048142335533
2020-01-06,12170.599609375,12179.099609375,11974.2001953125,11993.0498046875,396500,-0.019105853072941215,-0.01929072847314149
2020-01-07,12079.099609375,12152.150390625,12005.349609375,12052.9501953125,447800,0.004994592001242859,0.004982160403270252
2020-01-08,11939.099609375,12044.9501953125,11929.599609375,12025.349609375,446000,-0.0022899444111396106,-0.0022925703434345888
2020-01-09,12153.150390625,12224.0498046875,12132.5498046875,12215.900390625,477500,0.015845758122611686,0.015721524760104574
2020-01-10,12271.0,12311.2001953125,12213.2001953125,12256.7998046875,660600,0.0033480474426501594,0.003342455210374022
2020-01-13,12296.7001953125,12337.75,12285.7998046875,12329.5498046875,501000,0.0059354808073293075,0.005917935234497193
2020-01-14,12333.099609375,12374.25,12308.7001953125,12362.2998046875,616300,0.0026562202609821117,0.0026526987425187607
2020-01-15,12349.400390625,12355.150390625,12278.75,12343.2998046875,684400,-0.0015369308543056182,-0.0015381131440847836
2020-01-16,12347.099609375,12389.0498046875,12315.7998046875,12355.5,395700,0.000988406301843714,0.0009879181499700635
2020-01-17,12328.400390625,12385.4501953125,12321.400390625,12352.349609375,502100,-0.000254978804985595,-0.00025501131760789477
2020-01-20,12430.5,12430.5,12216.900390625,12224.5498046875,491600,-0.010346193941151438,-0.01040008785925209
2020-01-21,12195.2998046875,12230.0498046875,12162.2998046875,12169.849609375,400,-0.004474618385662321,-0.004484659455009181
2020-01-22,12218.349609375,12225.0498046875,12087.900390625,12106.900390625,500,-0.005172555189302153,-0.005185979163736476
2020-01-23,12123.75,12189.0,12094.099609375,12180.349609375,867700,0.0060667236352978104,0.0060483951593072694
2020-01-24,12174.5498046875,12272.150390625,12149.650390625,12248.25,593200,0.005574584704263197,0.005559104211847819
2020-01-27,12197.099609375,12216.599609375,12107.0,12119.0,441200,-0.010552527912150667,-0.010608600656474901
2020-01-28,12148.099609375,12163.5498046875,12024.5,12055.7998046875,478500,-0.005214967844912932,-0.005228613250633523
2020-01-29,12114.900390625,12169.599609375,12103.7998046875,12129.5,514400,0.006113256399948197,0.006094646255253335
2020-01-30,12147.75,12150.2998046875,12010.599609375,12035.7998046875,538100,-0.0077249841553650445,-0.007754976405079576
2020-01-31,12100.400390625,12103.5498046875,11945.849609375,11962.099609375,771300,-0.006123414854723341,-0.006142239847635705
2020-02-03,11627.4501953125,11749.849609375,11614.5,11707.900390625,669800,-0.021250384719316173,-0.02147942474929971
2020-02-04,11786.25,11986.150390625,11783.400390625,11979.650390625,560400,0.02321082268667074,0.02294554852001912
2020-02-05,12005.849609375,12098.150390625,11953.349609375,12089.150390625,758000,0.009140500467834434,0.009098978920125088
2020-02-06,12120.0,12160.599609375,12084.650390625,12137.9501953125,565100,0.004036661230167438,0.00402853577236436
2020-02-07,12151.150390625,12154.7001953125,12073.9501953125,12098.349609375,473500,-0.0032625431230384194,-0.003267876820959125
2020-02-10,12102.349609375,12103.5498046875,11990.75,12031.5,524700,-0.005525514763038308,-0.005540836887552729
2020-02-11,12108.400390625,12172.2998046875,12099.0,12107.900390625,480000,0.006350030388978967,0.0063299538920958175
2020-02-12,12151.0,12231.75,12144.2998046875,12201.2001953125,411700,0.0077056964194832656,0.0076761591804553895
2020-02-13,12219.5498046875,12225.650390625,12139.7998046875,12174.650390625,501200,-0.0021759994314084485,-0.002178370358219195
2020-02-14,12190.150390625,12246.7001953125,12091.2001953125,12113.4501953125,622800,-0.005026854435148831,-0.005039531569823334
2020-02-17,12131.7998046875,12159.599609375,12037.0,12045.7998046875,0,-0.00558473346026378,-0.005600386389670753
2020-02-18,12028.25,12030.75,11908.0498046875,11992.5,676900,-0.004424762618648104,-0.004434580853707973
2020-02-19,12090.599609375,12134.7001953125,12042.099609375,12125.900390625,513600,0.011123651500938081,0.011062238693018929
2020-02-20,12119.0,12152.0,12071.4501953125,12080.849609375,502600,-0.003715252459506435,-0.003722171151700223
2020-02-24,12012.5498046875,12012.5498046875,11813.400390625,11829.400390625,490800,-0.02081386879900149,-0.02103353072205037
2020-02-25,11877.5,11883.0498046875,11779.900390625,11797.900390625,461000,-0.002662856861702312,-0.002666408571566386
2020-02-26,11738.5498046875,11783.25,11639.599609375,11678.5,567600,-0.010120477938589723,-0.010172038146389433
2020-02-27,11661.25,11663.849609375,11536.7001953125,11633.2998046875,608600,-0.003870376787472707,-0.0038778860778288546
2020-02-28,11382.0,11384.7998046875,11175.0498046875,11201.75,809900,-0.03709607866493836,-0.0378016423222764
2020-03-02,11387.349609375,11433.0,11036.25,11132.75,680800,-0.006159751824491688,-0.0061788013630017435
2020-03-03,11217.5498046875,11342.25,11152.5498046875,11303.2998046875,696500,0.015319647408546855,0.015203486470954998
2020-03-04,11351.349609375,11356.599609375,11082.150390625,11251.0,797700,-0.004626950146523701,-0.0046376876143074345
2020-03-05,11306.0498046875,11389.5,11244.599609375,11269.0,1352500,0.0015998577904186018,0.0015985793812774052
2020-03-06,10942.650390625,11035.099609375,10827.400390625,10989.4501953125,1811000,-0.024806975302821943,-0.02511985353017798
2020-03-09,10742.0498046875,10751.5498046875,10294.4501953125,10451.4501953125,1565500,-0.048956043335951605,-0.05019499598647564
2020-03-11,10334.2998046875,10545.099609375,10334.0,10458.400390625,1218500,0.0006649981756232659,0.0006647771623133455
2020-03-12,10039.9501953125,10040.75,9508.0,9590.150390625,1343500,-0.08301938801064712,-0.08666894981793948
2020-03-13,9107.599609375,10159.400390625,8555.150390625,9955.2001953125,1388000,0.03806507612689369,0.03735847654239177
2020-03-16,9587.7998046875,9602.2001953125,9165.099609375,9197.400390625,897700,-0.07612100106679087,-0.07917416945110371
2020-03-17,9285.400390625,9403.7998046875,8915.599609375,8967.0498046875,935600,-0.02504518409052825,-0.02536415171509603
2020-03-18,9088.4501953125,9127.5498046875,8407.0498046875,8468.7998046875,1516600,-0.05556454027271507,-0.05716792711513327
2020-03-19,8063.2998046875,8575.4501953125,7832.5498046875,8263.4501953125,925700,-0.024247781753128472,-0.02454659954775134
2020-03-20,8284.4501953125,8883.0,8178.2001953125,8745.4501953125,1071500,0.058329146858465686,0.05669138794443699
2020-03-23,7945.7001953125,8159.25,7583.60009765625,7610.25,653500,-0.12980466070471242,-0.13903756461051203
2020-03-24,7848.2998046875,8036.9501953125,7511.10009765625,7801.0498046875,738400,0.02507142402516349,0.024762292138464665
2020-03-25,7735.14990234375,8376.75,7714.75,8317.849609375,736900,0.06624746894667499,0.06414544603118057
2020-03-26,8451.0,8749.0498046875,8304.900390625,8641.4501953125,865600,0.038904356430389475,0.03816665439616388
2020-03-27,8949.099609375,9038.900390625,8522.900390625,8660.25,801500,0.0021755381634551707,0.002173175106963937
2020-03-30,8385.9501953125,8576.0,8244.0,8281.099609375,593300,-0.04378053643081892,-0.04476782787370225
2020-03-31,8529.349609375,8678.2998046875,8358.0,8597.75,712700,0.03823772271336057,0.03752477847769833
2020-04-01,8584.099609375,8588.099609375,8198.349609375,8253.7998046875,506300,-0.04000467509668226,-0.040826864424490454
2020-04-03,8356.5498046875,8356.5498046875,8055.7998046875,8083.7998046875,697000,-0.020596574186770744,-0.02081164185069997
2020-04-07,8446.2998046875,8819.400390625,8360.9501953125,8792.2001953125,814200,0.08763210467115035,0.08400295216282225
2020-04-08,8688.900390625,9131.7001953125,8653.900390625,8748.75,896500,-0.004941902407507137,-0.004954153987953298
2020-04-09,8973.0498046875,9128.349609375,8904.5498046875,9111.900390625,742100,0.04150883161880259,0.0406704613937413
2020-04-13,9103.9501953125,9112.0498046875,8912.400390625,8993.849609375,644000,-0.01295567073707915,-0.013040327423561648
2020-04-15,9196.400390625,9261.2001953125,8874.099609375,8925.2998046875,879100,-0.007621853562688519,-0.007651048328648555
2020-04-16,8851.25,9053.75,8821.900390625,8992.7998046875,719400,0.007562771164790316,0.007534316783542481
2020-04-17,9323.4501953125,9324.0,9091.349609375,9266.75,684200,0.03046328187687486,0.03000848934711599
2020-04-20,9390.2001953125,9390.849609375,9230.7998046875,9261.849609375,726400,-0.0005288143766692954,-0.0005289542483047096
2020-04-21,9016.9501953125,9044.400390625,8909.400390625,8981.4501953125,655100,-0.030274667144095657,-0.030742409586860843
2020-04-22,9026.75,9209.75,8946.25,9187.2998046875,734400,0.02291941778872575,0.022660713376927297
2020-04-23,9232.349609375,9343.599609375,9170.150390625,9313.900390625,666700,0.01377995587701486,0.013685875581327233
2020-04-24,9163.900390625,9296.900390625,9141.2998046875,9154.400390625,659400,-0.017124941572334906,-0.017273269224786485
2020-04-27,9259.7001953125,9377.099609375,9250.349609375,9282.2998046875,512800,0.013971358975458648,0.01387465918374464
2020-04-28,9389.7998046875,9404.400390625,9260.0,9380.900390625,614500,0.010622430648890235,0.010566409007242056
2020-04-29,9408.599609375,9599.849609375,9392.349609375,9553.349609375,653000,0.018383013524196468,0.01821608855026957
2020-04-30,9753.5,9889.0498046875,9731.5,9859.900390625,931200,0.03208830345213909,0.03158422875946422
2020-05-04,9533.5,9533.5,9266.9501953125,9293.5,687500,-0.05744483901313502,-0.059160835126554547
2020-05-05,9429.400390625,9450.900390625,9190.75,9205.599609375,725200,-0.009458265521601117,-0.009503278972569803
2020-05-06,9226.7998046875,9346.900390625,9116.5,9270.900390625,722200,0.007093593467121684,0.0070685522845568985
2020-05-07,9234.0498046875,9277.849609375,9175.900390625,9199.0498046875,708700,-0.007750119504051356,-0.0077803077564110755
2020-05-08,9376.9501953125,9382.650390625,9238.2001953125,9251.5,609100,0.0057016970693835045,0.005685503917787226
2020-05-11,9348.150390625,9439.900390625,9219.9501953125,9239.2001953125,704600,-0.0013294930214019507,-0.001330377581346701
2020-05-12,9168.849609375,9240.849609375,9043.9501953125,9196.5498046875,805500,-0.004616242718351149,-0.004626930470959459
2020-05-13,9584.2001953125,9584.5,9351.099609375,9383.5498046875,846400,0.02033371253039773,0.02012974293547344
2020-05-14,9213.9501953125,9281.099609375,9119.75,9142.75,602600,-0.025661909373274727,-0.025996919937107583
2020-05-15,9182.400390625,9182.400390625,9050.0,9136.849609375,575900,-0.0006453627874545287,-0.0006455711236580218
2020-05-18,9158.2998046875,9158.2998046875,8806.75,8823.25,773000,-0.034322509703259896,-0.03492536149006188
2020-05-19,8961.7001953125,9030.349609375,8855.2998046875,8879.099609375,762200,0.00632982284022332,0.006309873650596998
2020-05-20,8889.150390625,9093.7998046875,8875.349609375,9066.5498046875,622300,0.021111396826158035,0.020891638839326522
2020-05-21,9079.4501953125,9178.5498046875,9056.099609375,9106.25,631500,0.004378754451001221,0.004369195599480915
2020-05-22,9067.900390625,9149.599609375,8968.5498046875,9039.25,675800,-0.0073575840768702605,-0.00738478460081561
2020-05-26,9099.75,9161.650390625,8996.650390625,9029.0498046875,655000,-0.0011284338094974533,-0.00112907097030296
2020-05-27,9082.2001953125,9334.0,9004.25,9314.9501953125,763500,0.03166450477176164,0.0311735219299972
2020-05-28,9364.9501953125,9511.25,9336.5,9490.099609375,837900,0.018803043536468778,0.018628451492543274
2020-05-29,9422.2001953125,9598.849609375,9376.900390625,9580.2998046875,967000,0.009504662651105722,0.009459777532853096
2020-06-01,9726.849609375,9931.599609375,9706.9501953125,9826.150390625,794200,0.025662097319460564,0.025338352659720637
2020-06-02,9880.849609375,9995.599609375,9824.0498046875,9979.099609375,770200,0.015565527970742954,0.015445627746472025
2020-06-03,10108.2998046875,10176.2001953125,10035.5498046875,10061.5498046875,794700,0.008262288035990828,0.008228342186278518
2020-06-04,10054.25,10123.849609375,9944.25,10029.099609375,775100,-0.003225168681009971,-0.003230380747065696
2020-06-05,10093.7998046875,10177.7998046875,10040.75,10142.150390625,987100,0.011272276241460544,0.01120921756965851
2020-06-08,10326.75,10328.5,10120.25,10167.4501953125,936500,0.002494520758722585,0.0024914146063167966
2020-06-09,10181.150390625,10291.150390625,10021.4501953125,10046.650390625,754200,-0.011881032349997822,-0.011952175882067815
2020-06-10,10072.599609375,10148.75,10036.849609375,10116.150390625,632400,0.006917728526201428,0.006893910822071789
2020-06-11,10094.099609375,10112.0498046875,9885.0498046875,9902.0,715500,-0.021169158460066062,-0.021396438367806456
2020-06-12,9544.9501953125,9996.0498046875,9544.349609375,9972.900390625,796300,0.00716020911179549,0.007134696525776951
2020-06-15,9919.349609375,9943.349609375,9726.349609375,9813.7001953125,716100,-0.015963279394844432,-0.016092064938005003
2020-06-16,10014.7998046875,10046.150390625,9728.5,9914.0,899900,0.010220386061458031,0.010168511071378764
2020-06-17,9876.7001953125,10003.599609375,9833.7998046875,9881.150390625,685400,-0.0033134566648174157,-0.0033189583187083734
2020-06-18,9863.25,10111.2001953125,9845.0498046875,10091.650390625,622900,0.021303187551898528,0.021079446670088396
2020-06-19,10119.0,10272.400390625,10072.650390625,10244.400390625,892100,0.015136275444292302,0.015022865002949488
2020-06-22,10318.75,10393.650390625,10277.599609375,10311.2001953125,685400,0.006520616350433883,0.006499449097502718
2020-06-23,10347.9501953125,10484.7001953125,10301.75,10471.0,669200,0.015497691991291696,0.015378829255110686
2020-06-24,10529.25,10553.150390625,10281.9501953125,10305.2998046875,854800,-0.015824677233549855,-0.015951224257763807
2020-06-25,10235.5498046875,10361.7998046875,10194.5,10288.900390625,994200,-0.001591357298992957,-0.0015926248529521327
2020-06-26,10378.900390625,10409.849609375,10311.25,10383.0,671900,0.00914574014738645,0.00910417112670767
2020-06-29,10311.9501953125,10337.9501953125,10223.599609375,10312.400390625,574500,-0.006799538608783573,-0.006822760798075913
2020-06-30,10382.599609375,10401.0498046875,10267.349609375,10302.099609375,556200,-0.0009988732845714887,-0.0009993724909477652
2020-07-01,10323.7998046875,10447.0498046875,10299.599609375,10430.0498046875,573600,0.012419817334717198,0.012343324106810436
2020-07-02,10493.0498046875,10598.2001953125,10485.5498046875,10551.7001953125,597400,0.011663452514898642,0.011595958752537541
2020-07-03,10614.9501953125,10631.2998046875,10562.650390625,10607.349609375,525200,0.005273976044848361,0.005260117338821228
2020-07-06,10723.849609375,10811.400390625,10695.099609375,10763.650390625,571200,0.014735139974255018,0.014627632603289031
2020-07-07,10802.849609375,10813.7998046875,10689.7001953125,10799.650390625,636800,0.003344590235981215,0.003339009534036716
2020-07-08,10818.650390625,10847.849609375,10676.5498046875,10705.75,767900,-0.00869476207364206,-0.008732782060989626
2020-07-09,10755.5498046875,10836.849609375,10733.0,10813.4501953125,618700,0.010060032721901813,0.01000976742529668
2020-07-10,10764.099609375,10819.400390625,10713.0,10768.0498046875,590700,-0.004198511095439339,-0.00420734959083762
2020-07-13,10851.849609375,10894.0498046875,10756.0498046875,10802.7001953125,554100,0.003217889149241815,0.003212722824094239
2020-07-14,10750.849609375,10755.650390625,10562.900390625,10607.349609375,532400,-0.01808349601540049,-0.018249000734889463
2020-07-15,10701.0,10827.4501953125,10577.75,10618.2001953125,715900,0.0010229309240368245,0.001022408086719745
2020-07-16,10706.2001953125,10755.2998046875,10595.2001953125,10739.9501953125,694400,0.011466161662100571,0.011400923444823241
2020-07-17,10752.0,10933.4501953125,10749.650390625,10901.7001953125,676900,0.01506059125586967,0.014948306530616993
2020-07-20,10999.4501953125,11037.900390625,10953.0,11022.2001953125,554300,0.011053321760931656,0.010992680250840313
2020-07-21,11126.099609375,11179.5498046875,11113.25,11162.25,772000,0.012706156865764484,0.012626110991777935
2020-07-22,11231.2001953125,11238.099609375,11056.5498046875,11132.599609375,765100,-0.0026563094918139463,-0.002659843741967638
2020-07-23,11135.0,11239.7998046875,11103.150390625,11215.4501953125,621600,0.007442159858846331,0.007414603621325298
2020-07-24,11149.9501953125,11225.400390625,11090.2998046875,11194.150390625,678900,-0.0018991484351116306,-0.0019009541040186228
2020-07-27,11225.0,11225.0,11087.849609375,11131.7998046875,588100,-0.005569925698846956,-0.0055854955772852745
2020-07-28,11154.099609375,11317.75,11151.400390625,11300.5498046875,683900,0.0151592736988444,0.015045520083450243
2020-07-29,11276.900390625,11341.400390625,11149.75,11202.849609375,600700,-0.008645614328603224,-0.008683204468886633
2020-07-30,11254.2998046875,11299.9501953125,11084.9501953125,11102.150390625,677800,-0.008988714680747911,-0.009029356907451743
2020-07-31,11139.5,11150.400390625,11026.650390625,11073.4501953125,642600,-0.002585102372305803,-0.002588449519166038
2020-08-03,11057.5498046875,11058.0498046875,10882.25,10891.599609375,680900,-0.016422215545293994,-0.016558554850121334
2020-08-04,10946.650390625,11112.25,10908.099609375,11095.25,625700,0.018697932161379383,0.01852527473195631
2020-08-05,11155.75,11225.650390625,11064.0498046875,11101.650390625,667600,0.0005768586219327965,0.0005766923029565639
2020-08-06,11185.7001953125,11256.7998046875,11127.2998046875,11200.150390625,600400,0.008872554668374333,0.00883342483924069
2020-08-07,11186.650390625,11231.900390625,11142.0498046875,11214.0498046875,452600,0.0012410024488720417,0.0012402330418245548
2020-08-10,11270.25,11337.2998046875,11238.0,11270.150390625,492000,0.005002705259437024,0.004990233307851035
2020-08-11,11322.25,11373.599609375,11299.150390625,11322.5,586100,0.004644978776729314,0.004634224153283686
2020-08-12,11289.0,11322.0,11242.650390625,11308.400390625,609900,-0.0012452735151247118,-0.0012460495124746427
2020-08-13,11334.849609375,11359.2998046875,11269.9501953125,11300.4501953125,562400,-0.0007030344733010008,-0.0007032817179241128
2020-08-14,11353.2998046875,11366.25,11111.4501953125,11178.400390625,645100,-0.010800437378868932,-0.010859185489107238
2020-08-17,11248.900390625,11267.099609375,11144.5,11247.099609375,634000,0.0061457110453491115,0.006126903182347498
2020-08-18,11259.7998046875,11401.7001953125,11253.150390625,11385.349609375,579200,0.012292057935075373,0.012217124027310865
2020-08-19,11452.150390625,11460.349609375,11394.099609375,11408.400390625,626200,0.002024600213507588,0.002022553472584474
2020-08-20,11317.4501953125,11361.4501953125,11289.7998046875,11312.2001953125,791600,-0.008432399987605033,-0.0084681538079335
2020-08-21,11409.650390625,11418.5,11362.2001953125,11371.599609375,668700,0.005250916093857194,0.005237178104313519
2020-08-24,11412.0,11497.25,11410.650390625,11466.4501953125,532900,0.008341006471886514,0.008306412509926262
2020-08-25,11513.099609375,11525.900390625,11423.349609375,11472.25,638200,0.0005058064691958464,0.000505678592222556
2020-08-26,11512.849609375,11561.75,11461.849609375,11549.599609375,743400,0.0067423225064831005,0.006719694702452173
2020-08-27,11609.2998046875,11617.349609375,11540.599609375,11559.25,719800,0.0008355606212675504,0.0008352117348219679
2020-08-28,11602.9501953125,11686.0498046875,11589.400390625,11647.599609375,807000,0.007643195654994939,0.007614134421611744
2020-08-31,11777.5498046875,11794.25,11325.849609375,11387.5,1371800,-0.022330747801946216,-0.0225838540823065
2020-09-01,11464.2998046875,11553.5498046875,11366.900390625,11470.25,783800,0.007266739846322645,0.007240464307211334
2020-09-02,11478.5498046875,11554.75,11430.400390625,11535.0,593500,0.005645038251127943,0.005629164732428894
2020-09-03,11566.2001953125,11584.9501953125,11507.650390625,11527.4501953125,607100,-0.0006545127600779965,-0.0006547270470620276
2020-09-04,11354.400390625,11452.0498046875,11303.650390625,11333.849609375,681300,-0.016794744948559814,-0.01693737589976223
2020-09-07,11359.599609375,11381.150390625,11251.7001953125,11355.0498046875,560300,0.0018705202595032944,0.001868773014980915
2020-09-08,11378.5498046875,11437.25,11290.4501953125,11317.349609375,572200,-0.0033201259317187093,-0.003325649779789579
2020-09-09,11218.599609375,11298.150390625,11185.150390625,11278.0,728900,-0.003476927967516641,-0.003482986529093653
2020-09-10,11363.2998046875,11464.0498046875,11327.400390625,11449.25,679400,0.015184429863450921,0.01507030028649042
2020-09-11,11447.7998046875,11493.5,11419.900390625,11464.4501953125,554800,0.0013276149365679668,0.0013267344350831917
2020-09-14,11540.150390625,11568.900390625,11383.5498046875,11440.0498046875,642300,-0.0021283524468515003,-0.002130620607789219
2020-09-15,11487.2001953125,11535.9501953125,11442.25,11521.7998046875,506700,0.007145947910690342,0.007120536611649034
2020-09-16,11538.4501953125,11618.099609375,11516.75,11604.5498046875,527800,0.0071820376506051,0.007156369643982706
2020-09-17,11539.400390625,11587.2001953125,11498.5,11516.099609375,0,-0.007622027291120936,-0.007651223391398827
2020-09-18,11584.099609375,11584.099609375,11446.099609375,11504.9501953125,764200,-0.0009681588767627147,-0.0009686278452831663
2020-09-21,11503.7998046875,11535.25,11218.5,11250.5498046875,602900,-0.02211225483867385,-0.022360395533691877
2020-09-22,11301.75,11302.2001953125,11084.650390625,11153.650390625,672200,-0.00861286032635733,-0.008650165364363744
2020-09-23,11258.75,11259.5498046875,11024.400390625,11131.849609375,714900,-0.0019545871070447696,-0.0019564998051874198
2020-09-24,11011.0,11015.2998046875,10790.2001953125,10805.5498046875,706100,-0.029312272096516434,-0.02975046086629724
2020-09-25,10910.400390625,11072.599609375,10854.849609375,11050.25,559600,0.022645788482354545,0.02239317919403798
2020-09-28,11140.849609375,11239.349609375,11099.849609375,11227.5498046875,472800,0.016044868187371275,0.015917509782938703
2020-09-29,11288.599609375,11305.400390625,11181.0,11222.400390625,498300,-0.0004586409458945395,-0.00045874615382283734
2020-09-30,11244.4501953125,11295.400390625,11184.5498046875,11247.5498046875,499300,0.002241001317642377,0.0022384940193966077
2020-10-01,11364.4501953125,11428.599609375,11347.0498046875,11416.9501953125,447700,0.015061092732783665,0.014948800566928164
2020-10-05,11487.7998046875,11578.0498046875,11452.2998046875,11503.349609375,530600,0.0075676439490797165,0.007539152980994381
2020-10-06,11603.4501953125,11680.2998046875,11564.2998046875,11662.400390625,561400,0.013826475474619793,0.013731761801546099
2020-10-07,11679.25,11763.0498046875,11629.349609375,11738.849609375,513400,0.006555187284725372,0.006533795478530655
2020-10-08,11835.400390625,11905.7001953125,11791.150390625,11834.599609375,608800,0.008156676606839941,0.008123590712403974
2020-10-09,11852.0498046875,11938.599609375,11805.2001953125,11914.2001953125,611100,0.0067260903253916204,0.00670357110102055
2020-10-12,11973.5498046875,12022.0498046875,11867.2001953125,11930.9501953125,522600,0.0014058853909966196,0.0014048980594053501
2020-10-13,11934.650390625,11988.2001953125,11888.900390625,11934.5,458300,0.0002975290843887368,0.0002974848313881938
2020-10-14,11917.400390625,11997.2001953125,11822.150390625,11971.0498046875,569200,0.0030625333853533387,0.0030578533826602027
2020-10-15,12023.4501953125,12025.4501953125,11661.2998046875,11680.349609375,608900,-0.02428360085835335,-0.024583309443990238
2020-10-16,11727.400390625,11789.75,11667.849609375,11762.4501953125,555800,0.007028949362235082,0.007004361448563385
2020-10-19,11879.2001953125,11898.25,11820.400390625,11873.0498046875,541400,0.009402769621849272,0.009358838750109354
2020-10-20,11861.0,11949.25,11837.25,11896.7998046875,453600,0.002000328507897331,0.0019983305148122575
2020-10-21,11958.5498046875,12018.650390625,11775.75,11937.650390625,623700,0.0034337457642519276,0.003427863919924764
2020-10-22,11890.0,11939.5498046875,11823.4501953125,11896.4501953125,544900,-0.0034512817819539743,-0.0034572511936285335
2020-10-23,11957.900390625,11974.5498046875,11908.75,11930.349609375,502300,0.0028495402835257977,0.002845488039808009
2020-10-26,11937.400390625,11942.849609375,11711.7001953125,11767.75,519800,-0.013629073304543216,-0.01372280171939824
2020-10-27,11807.099609375,11899.0498046875,11723.0,11889.400390625,616300,0.010337608346965288,0.010284540688903391
2020-10-28,11922.599609375,11929.400390625,11684.849609375,11729.599609375,704000,-0.013440608945763599,-0.013531751526031222
2020-10-29,11633.2998046875,11744.150390625,11606.4501953125,11670.7998046875,555000,-0.005012942184360991,-0.0050255491286022155
2020-10-30,11678.4501953125,11748.9501953125,11535.4501953125,11642.400390625,553700,-0.002433373422367602,-0.0024363388871728973
2020-11-02,11697.349609375,11725.650390625,11557.400390625,11669.150390625,568400,0.002297636149117599,0.00229500061940095
2020-11-03,11734.4501953125,11836.2001953125,11723.2998046875,11813.5,674300,0.01237019016319918,0.01229430453308261
2020-11-04,11783.349609375,11929.650390625,11756.400390625,11908.5,667300,0.008041647267956087,0.008009485529747545
2020-11-05,12062.400390625,12131.099609375,12027.599609375,12120.2998046875,632500,0.017785598915690537,0.017629285844443805
2020-11-06,12156.650390625,12280.400390625,12131.849609375,12263.5498046875,576800,0.011819014571289532,0.011749715515175936
2020-11-09,12399.400390625,12474.0498046875,12367.349609375,12461.0498046875,553400,0.016104635537461442,0.015976331587139476
2020-11-10,12556.400390625,12643.900390625,12475.25,12631.099609375,847500,0.01364650710436388,0.013554232066476922
2020-11-11,12680.599609375,12769.75,12571.099609375,12749.150390625,880500,0.009346041508720315,0.009302637490367565
2020-11-12,12702.150390625,12741.150390625,12624.849609375,12690.7998046875,622000,-0.004576821525331454,-0.004587327240413277
2020-11-13,12659.7001953125,12735.9501953125,12607.7001953125,12719.9501953125,513900,0.002296970330761372,0.0022943363271255195
2020-11-17,12932.5,12934.0498046875,12797.099609375,12874.2001953125,707700,0.012126619808373373,0.012053681426341886
2020-11-18,12860.099609375,12948.849609375,12819.349609375,12938.25,731300,0.004975051165572175,0.004962716492027381
2020-11-19,12839.5,12963.0,12745.75,12771.7001953125,768800,-0.01287266861341374,-0.012956239372488106
2020-11-20,12813.400390625,12892.4501953125,12730.25,12859.0498046875,664000,0.00683930941371913,0.006816027431926412
2020-11-23,12960.2998046875,12968.849609375,12825.7001953125,12926.4501953125,633100,0.005241475198302092,0.0052277864790618534
2020-11-24,13002.599609375,13079.099609375,12978.0,13055.150390625,571900,0.0099563448098976,0.009907106958531581
2020-11-25,13130.0,13145.849609375,12833.650390625,12858.400390625,679000,-0.015070680468092346,-0.015185397205090293
2020-11-26,12906.4501953125,13018.0,12790.400390625,12987.0,549800,0.010001213639976747,0.009951532476185488
2020-11-27,13012.0498046875,13035.2998046875,12914.2998046875,12968.9501953125,1162400,-0.001389836350773832,-0.0013908030691388337
2020-12-01,13062.2001953125,13128.400390625,12962.7998046875,13109.0498046875,583600,0.010802694687318537,0.01074476242399418
2020-12-02,13121.400390625,13128.5,12983.5498046875,13113.75,717700,0.0003585458429504751,0.0003584815807498976
2020-12-03,13215.2998046875,13216.599609375,13107.900390625,13133.900390625,713700,0.0015365849299400214,0.0015354055912646832
2020-12-04,13177.400390625,13280.0498046875,13152.849609375,13258.5498046875,640500,0.009490662358873525,0.009445908959648398
2020-12-07,13264.849609375,13366.650390625,13241.9501953125,13355.75,591700,0.007331133249439903,0.007304391112653887
2020-12-08,13393.849609375,13435.4501953125,13311.0498046875,13392.9501953125,543200,0.002785331809333158,0.002781459960611745
2020-12-09,13458.099609375,13548.900390625,13449.599609375,13529.099609375,502600,0.010165752285866914,0.010114428562528128
2020-12-10,13488.5,13503.5498046875,13399.2998046875,13478.2998046875,553400,-0.0037548548058806697,-0.0037619219695161584
2020-12-11,13512.2998046875,13579.349609375,13402.849609375,13513.849609375,787700,0.002637558535026452,0.0026340862816878062
2020-12-14,13571.4501953125,13597.5,13472.4501953125,13558.150390625,558400,0.0032781762806703973,0.0032728147749187795
2020-12-15,13547.2001953125,13589.650390625,13447.0498046875,13567.849609375,497600,0.0007153791977927426,0.0007151234360649028
2020-12-16,13663.099609375,13692.349609375,13606.4501953125,13682.7001953125,462200,0.008464907059269056,0.008429280641864136
2020-12-17,13713.5498046875,13773.25,13673.5498046875,13740.7001953125,416000,0.004238929390550483,0.004229970438016461
2020-12-18,13764.400390625,13772.849609375,13658.599609375,13760.5498046875,519400,0.0014445849987885229,0.0014435425896574643
2020-12-21,13741.900390625,13777.5,13131.4501953125,13328.400390625,687300,-0.0314049525779333,-0.03190866215630266
2020-12-22,13373.650390625,13492.0498046875,13192.900390625,13466.2998046875,696200,0.010346283876607965,0.010293127415086657
2020-12-23,13473.5,13619.4501953125,13432.2001953125,13601.099609375,458700,0.010010159185716239,0.009960389402299756
2020-12-24,13672.150390625,13771.75,13626.900390625,13749.25,471400,0.01089253037474136,0.01083363406633502
2020-12-28,13815.150390625,13885.2998046875,13811.5498046875,13873.2001953125,403600,0.009015051389166695,0.008974658395164679
2020-12-29,13910.349609375,13967.599609375,13859.900390625,13932.599609375,439600,0.004281594241144937,0.004272454296258275
2020-12-30,13980.900390625,13997.0,13864.9501953125,13981.9501953125,380700,0.003542094606974411,0.003535836164182277
2020-12-31,13970.0,14024.849609375,13936.4501953125,13981.75,452400,-1.4318125132972703e-05,-1.4318227638304822e-05
2021-01-01,13996.099609375,14049.849609375,13991.349609375,14018.5,358100,0.0026284263414808606,0.002624978069994666
2021-01-04,14104.349609375,14147.9501953125,13953.75,14132.900390625,495000,0.00816067272711063,0.008127554493474463
2021-01-05,14075.150390625,14215.599609375,14048.150390625,14199.5,492500,0.004712380865514287,0.00470131235786493
2021-01-06,14240.9501953125,14244.150390625,14039.900390625,14146.25,632300,-0.0037501320469031096,-0.0037571814216639365
2021-01-07,14253.75,14256.25,14123.099609375,14137.349609375,559200,-0.0006291696120880319,-0.0006293676223474675
2021-01-08,14258.400390625,14367.2998046875,14221.650390625,14347.25,613500,0.014847223590326086,0.014738082534464191
2021-01-11,14474.0498046875,14498.2001953125,14383.099609375,14484.75,672900,0.009583718134137165,0.00953808562855032
2021-01-12,14473.7998046875,14590.650390625,14432.849609375,14563.4501953125,929600,0.005433314024232416,0.0054186068221036155
2021-01-13,14639.7998046875,14653.349609375,14435.7001953125,14564.849609375,874000,9.609083312889233e-05,9.608621670051523e-05
2021-01-14,14550.0498046875,14617.7998046875,14471.5,14595.599609375,620200,0.002111247340323086,0.002109021789565324
2021-01-15,14594.349609375,14617.4501953125,14357.849609375,14433.7001953125,789600,-0.011092344158201595,-0.01115432296065278
2021-01-18,14453.2998046875,14459.150390625,14222.7998046875,14281.2998046875,762000,-0.010558650142566628,-0.010614788200058034
2021-01-19,14371.650390625,14546.0498046875,14350.849609375,14521.150390625,546100,0.016794730817062842,0.01665525875641371
2021-01-20,14538.2998046875,14666.4501953125,14517.5498046875,14644.7001953125,623100,0.008508265623863087,0.008472274336760961
2021-01-21,14730.9501953125,14753.5498046875,14517.25,14590.349609375,704600,-0.0037112802046228577,-0.003718184091801354
2021-01-22,14583.400390625,14619.900390625,14357.75,14371.900390625,776800,-0.014972171647596122,-0.015085386074712022
2021-01-25,14477.7998046875,14491.099609375,14218.599609375,14238.900390625,618600,-0.009254169343308138,-0.009297255190251277
2021-01-27,14237.9501953125,14237.9501953125,13929.2998046875,13967.5,660700,-0.019060488041877988,-0.019244480891583437
2021-01-28,13810.400390625,13898.25,13713.25,13817.5498046875,637900,-0.010735650281904374,-0.010793693167934581
2021-01-29,13946.599609375,13966.849609375,13596.75,13634.599609375,753200,-0.013240422354072856,-0.013328858232496075
2021-02-01,13758.599609375,14336.349609375,13661.75,14281.2001953125,870500,0.047423511101338356,0.04633334971971787
2021-02-02,14481.099609375,14731.7001953125,14469.150390625,14647.849609375,915000,0.02567357148195737,0.025349539675742865
2021-02-03,14754.900390625,14868.849609375,14574.150390625,14789.9501953125,869500,0.009701122671723184,0.009654368913945022
2021-02-04,14789.0498046875,14913.7001953125,14714.75,14895.650390625,884700,0.0071467580293813615,0.007121340982025425
2021-02-05,14952.599609375,15014.650390625,14864.75,14924.25,935600,0.0019199973566108586,0.0019181565175802602
2021-02-08,15064.2998046875,15159.900390625,15041.0498046875,15115.7998046875,671200,0.01283480273296811,0.012753134705385865
2021-02-09,15164.150390625,15257.099609375,15064.2998046875,15109.2998046875,713300,-0.0004300136336804483,-0.00043010611605642915
2021-02-10,15119.0498046875,15168.25,14977.2001953125,15106.5,624800,-0.00018530340410816137,-0.00018532057490518592
2021-02-11,15073.25,15188.5,15065.400390625,15173.2998046875,500100,0.004421924647502795,0.004412176664707947
2021-02-12,15186.2001953125,15243.5,15081.0,15163.2998046875,571800,-0.0006590524229219685,-0.0006592696934370658
2021-02-15,15270.2998046875,15340.150390625,15243.400390625,15314.7001953125,456000,0.00998465984153385,0.009935142462115996
2021-02-16,15371.4501953125,15431.75,15242.2001953125,15313.4501953125,648500,-8.162092525865194e-05,-8.162425642763527e-05
2021-02-17,15279.900390625,15314.2998046875,15170.75,15208.900390625,504800,-0.006827318687430917,-0.006850731452785171
2021-02-18,15238.7001953125,15250.75,15078.0498046875,15118.9501953125,770600,-0.005914312869584326,-0.005931871684390037
2021-02-19,15074.7998046875,15144.0498046875,14898.2001953125,14981.75,712200,-0.009074717063029758,-0.009116143118184506
2021-02-22,14999.0498046875,15010.099609375,14635.0498046875,14675.7001953125,609900,-0.020428174591586412,-0.02063971564030592
2021-02-23,14782.25,14854.5,14651.849609375,14707.7998046875,744100,0.0021872625461001327,0.002184873969705697
2021-02-24,14729.150390625,15008.7998046875,14504.5,14982.0,403800,0.01864318245786234,0.01847152850052029
2021-02-25,15079.849609375,15176.5,15065.349609375,15097.349609375,803900,0.007699213013950157,0.007669725331353619
2021-02-26,14888.599609375,14919.4501953125,14467.75,14529.150390625,1103600,-0.03763569324758598,-0.03836220275630364
2021-03-01,14702.5,14806.7998046875,14638.5498046875,14761.5498046875,507300,0.015995389118723446,0.01586881087701919
2021-03-02,14865.2998046875,14959.099609375,14760.7998046875,14919.099609375,621700,0.010672985341787733,0.010616431079728933
2021-03-03,15064.400390625,15273.150390625,14995.7998046875,15245.599609375,544200,0.021884698711632122,0.02164866615239294
2021-03-04,15026.75,15202.349609375,14980.2001953125,15080.75,534900,-0.010812930524138231,-0.010871815118793142
2021-03-05,14977.9501953125,15092.349609375,14862.099609375,14938.099609375,640700,-0.009459104528952489,-0.009504125991607463
2021-03-08,15002.4501953125,15111.150390625,14919.900390625,14956.2001953125,0,0.0012117060677612201,0.001210972544447202
2021-03-09,15049.900390625,15126.849609375,14925.4501953125,15098.400390625,675300,0.00950777560179139,0.009462861169810146
2021-03-10,15202.150390625,15218.4501953125,15100.849609375,15174.7998046875,404600,0.005060099883821945,0.005047340602462587
2021-03-12,15321.150390625,15336.2998046875,14953.599609375,15030.9501953125,493200,-0.009479506235763657,-0.009524722735275023
2021-03-15,15048.400390625,15048.400390625,14745.849609375,14929.5,467500,-0.006749419963093084,-0.006772300308835674
2021-03-16,14996.099609375,15051.599609375,14890.650390625,14910.4501953125,100,-0.001275984104457617,-0.0012767988653300596
2021-03-17,14946.5498046875,14956.5498046875,14696.0498046875,14721.2998046875,100,-0.012685759862868795,-0.01276691115553913
2021-03-18,14855.5,14875.2001953125,14478.599609375,14557.849609375,542200,-0.011102973071742905,-0.011165071153974405
2021-03-19,14471.150390625,14788.25,14350.099609375,14744.0,919200,0.012786942826028547,0.012705880170274957
2021-03-22,14736.2998046875,14763.900390625,14597.849609375,14736.400390625,459000,-0.000515437423697751,-0.0005155703072306843
2021-03-23,14768.5498046875,14878.599609375,14707.0,14814.75,474200,0.00531673999743143,0.005302656033791128
2021-03-24,14712.4501953125,14752.349609375,14535.0,14549.400390625,456400,-0.017911176994211853,-0.018073523592070435
2021-03-25,14570.900390625,14575.599609375,14264.400390625,14324.900390625,606800,-0.015430189146808937,-0.015550473459416195
2021-03-26,14506.2998046875,14572.900390625,14414.25,14507.2998046875,481000,0.012733031929623273,0.012652648509180619
2021-03-30,14628.5,14876.2998046875,14617.599609375,14845.099609375,594500,0.02328481586755049,0.023017860602701366
2021-03-31,14811.849609375,14813.75,14670.25,14690.7001953125,463900,-0.010400699094332388,-0.010455164345430578
2021-04-01,14798.400390625,14883.2001953125,14692.4501953125,14867.349609375,445000,0.012024574166918489,0.011952853344086897
2021-04-05,14837.7001953125,14849.849609375,14459.5,14637.7998046875,509700,-0.015439860548026041,-0.015560296479187625
2021-04-06,14737.0,14779.099609375,14573.900390625,14683.5,475300,0.003122067245233451,0.0031172037135109875
2021-04-07,14716.4501953125,14879.7998046875,14649.849609375,14819.0498046875,0,0.009231436965811968,0.0091890876818974
2021-04-08,14875.650390625,14984.150390625,14821.099609375,14873.7998046875,514800,0.0036945688638336804,0.003687760707936765
2021-04-09,14882.650390625,14918.4501953125,14785.650390625,14834.849609375,504100,-0.0026187118170183377,-0.0026221466406612408
2021-04-12,14644.650390625,14652.5,14248.7001953125,14310.7998046875,650200,-0.03532558930400764,-0.03596463281723922
2021-04-13,14364.900390625,14528.900390625,14274.900390625,14504.7998046875,605100,0.013556195506029933,0.013465132344700306
2021-04-15,14522.400390625,14597.5498046875,14353.2001953125,14581.4501953125,568000,0.005284484560774683,0.005270570669209097
2021-04-16,14599.599609375,14697.7001953125,14559.0,14617.849609375,577200,0.002496282165007191,0.0024931716281266104
2021-04-19,14306.599609375,14382.2998046875,14191.400390625,14359.4501953125,512300,-0.017676978554819645,-0.01783508230882999
2021-04-20,14526.7001953125,14526.9501953125,14207.2998046875,14296.400390625,467400,-0.004390823034999047,-0.0044004910090830246
2021-04-22,14219.150390625,14424.75,14151.400390625,14406.150390625,524600,0.007676757575422188,0.007647441212800463
2021-04-23,14326.349609375,14461.150390625,14273.2998046875,14341.349609375,498100,-0.004498133053794207,-0.004508280094204329
2021-04-26,14449.4501953125,14557.5,14421.2998046875,14485.0,452700,0.010016518287169873,0.009966685459202936
2021-04-27,14493.7998046875,14667.5498046875,14484.849609375,14653.0498046875,451800,0.011601643402658013,0.011534860370141113
2021-04-28,14710.5,14890.25,14694.9501953125,14864.5498046875,457000,0.014433855260107098,0.014330678808834763
2021-04-29,14979.0,15044.349609375,14814.4501953125,14894.900390625,517500,0.0020418099664161193,0.002039728305535653
2021-04-30,14747.349609375,14855.4501953125,14601.7001953125,14631.099609375,613900,-0.017710812045177438,-0.017869525228607498
2021-05-03,14481.0498046875,14673.849609375,14416.25,14634.150390625,448900,0.00020851346320172048,0.0002084917272909865
2021-05-04,14687.25,14723.400390625,14461.5,14496.5,503400,-0.00940610742344028,-0.009450624224999165
2021-05-05,14604.150390625,14637.900390625,14506.599609375,14617.849609375,455900,0.0083709591539336,0.008336116981918119
2021-05-06,14668.349609375,14743.900390625,14611.5,14724.7998046875,467800,0.0073164109749706,0.007289775876840782
2021-05-07,14816.849609375,14863.0498046875,14765.5,14823.150390625,488000,0.006679247748155426,0.006657040403640492
2021-05-10,14928.25,14966.900390625,14892.5,14942.349609375,522000,0.008041422748121585,0.008009262800994111
2021-05-11,14789.7001953125,14900.0,14771.400390625,14850.75,647400,-0.006130201191218876,-0.006149068019026527
2021-05-12,14823.5498046875,14824.0498046875,14649.7001953125,14696.5,643800,-0.0103866808073666,-0.0104409988264523
2021-05-14,14749.400390625,14749.650390625,14591.900390625,14677.7998046875,620700,-0.0012724250884564858,-0.001273235308628596
2021-05-17,14756.25,14938.0,14725.349609375,14923.150390625,546400,0.01671576048197254,0.016577589783995917
2021-05-18,15067.2001953125,15137.25,15043.7001953125,15108.099609375,583900,0.012393443335275034,0.012317273309973075
2021-05-19,15058.599609375,15133.400390625,15008.849609375,15030.150390625,569100,-0.005159432408138875,-0.005172788238334181
2021-05-20,15042.599609375,15069.7998046875,14884.900390625,14906.0498046875,480300,-0.00825677606093067,-0.008291052039504188
2021-05-21,14987.7998046875,15190.0,14985.849609375,15175.2998046875,572900,0.01806313567497475,0.01790193553229923
2021-05-24,15211.349609375,15256.25,15145.4501953125,15197.7001953125,579800,0.001476108604989923,0.0014750202275935762
2021-05-25,15291.75,15293.849609375,15163.400390625,15208.4501953125,441500,0.0007073438653115716,0.0007070938155468382
2021-05-26,15257.0498046875,15319.900390625,15194.9501953125,15301.4501953125,384000,0.006115021504864648,0.0060964006336564555
2021-05-27,15323.9501953125,15384.5498046875,15272.5,15337.849609375,0,0.002378821196545866,0.0023759962804964516
2021-05-28,15421.2001953125,15469.650390625,15394.75,15435.650390625,468100,0.006376433707514062,0.006356190262519319
2021-05-31,15437.75,15606.349609375,15374.0,15582.7998046875,436000,0.009533088035724946,0.00948793489109113
2021-06-01,15629.650390625,15660.75,15528.2998046875,15574.849609375,409600,-0.0005101904286871628,-0.000510320620107419
2021-06-02,15520.349609375,15597.4501953125,15459.849609375,15576.2001953125,428600,8.67158252806366e-05,8.67120656808025e-05
2021-06-03,15655.5498046875,15705.099609375,15611.0,15690.349609375,410200,0.0073284506253876724,0.007301728008600275
2021-06-04,15712.5,15733.599609375,15622.349609375,15670.25,414200,-0.001281017305247989,-0.0012818385093088212
2021-06-07,15725.099609375,15773.4501953125,15678.099609375,15751.650390625,394000,0.0051945814919991395,0.0051811361952536165
2021-06-08,15773.900390625,15778.7998046875,15680.0,15740.099609375,378200,-0.0007333060957773752,-0.0007335750962069031
2021-06-09,15766.2998046875,15800.4501953125,15566.900390625,15635.349609375,457900,-0.006654976944212576,-0.0066772200430738555
2021-06-10,15692.099609375,15751.25,15648.5,15737.75,298300,0.0065492869160790335,0.006527933518834105
2021-06-11,15796.4501953125,15835.5498046875,15749.7998046875,15799.349609375,363000,0.003914130633349666,0.003906490354253145
2021-06-14,15791.400390625,15823.0498046875,15606.5,15811.849609375,392900,0.0007911718082738162,0.0007908589968395644
2021-06-15,15866.9501953125,15901.599609375,15842.400390625,15869.25,323300,0.003630213545097627,0.003623640223476974
2021-06-16,15847.5,15880.849609375,15742.599609375,15767.5498046875,340200,-0.006408632752808119,-0.006429256198967984
2021-06-17,15648.2998046875,15769.349609375,15616.75,15691.400390625,357600,-0.0048295020472909345,-0.004841201776747716
2021-06-18,15756.5,15761.5,15450.900390625,15683.349609375,640800,-0.000513069646403852,-0.0005132013116724437
2021-06-21,15525.849609375,15765.150390625,15505.650390625,15746.5,351500,0.004026588209654625,0.0040185031994205474
2021-06-22,15840.5,15895.75,15752.099609375,15772.75,322200,0.0016670371193598932,0.0016656491552922152
2021-06-23,15862.7998046875,15862.9501953125,15673.9501953125,15686.9501953125,287500,-0.005439749231269109,-0.005454598542621072
2021-06-24,15737.2998046875,15821.400390625,15702.7001953125,15790.4501953125,316700,0.006597840798329813,0.006576170313444658
2021-06-25,15839.349609375,15870.7998046875,15772.2998046875,15860.349609375,314600,0.0044266891189239654,0.004416920149496724
2021-06-28,15915.349609375,15915.650390625,15792.150390625,15814.7001953125,255100,-0.0028782098242977616,-0.0028823598351750412
2021-06-29,15807.5,15835.900390625,15724.0498046875,15748.4501953125,360300,-0.0041891404314852165,-0.004197939462444536
2021-06-30,15776.900390625,15839.099609375,15708.75,15721.5,262400,-0.0017112919035373597,-0.0017127578361914226
2021-07-01,15755.0498046875,15755.5498046875,15667.0498046875,15680.0,224900,-0.002639697229908089,-0.0026431873739428875
2021-07-02,15705.849609375,15738.349609375,15635.9501953125,15722.2001953125,254800,0.002691338986766656,0.0026877238189711517
2021-07-05,15793.400390625,15845.9501953125,15762.0498046875,15834.349609375,207000,0.007133188273225066,0.007107867426692256
2021-07-06,15813.75,15914.2001953125,15801.0,15818.25,391400,-0.0010167521731027085,-0.0010172694162285671
2021-07-07,15819.599609375,15893.5498046875,15779.7001953125,15879.650390625,329300,0.0038816171589777237,0.003874103121228537
2021-07-08,15855.400390625,15885.75,15682.900390625,15727.900390625,307900,-0.0095562557277451,-0.009602209739377547
2021-07-09,15688.25,15730.849609375,15632.75,15689.7998046875,243200,-0.0024224839292732447,-0.0024254228908178565
2021-07-12,15766.7998046875,15789.2001953125,15644.75,15692.599609375,216300,0.00017844744498685117,0.00017843152513541638
2021-07-13,15794.0,15820.7998046875,15744.599609375,15812.349609375,246700,0.007630985495128417,0.0076020168050800795
2021-07-14,15808.7001953125,15877.349609375,15764.2001953125,15853.9501953125,0,0.0026308921169333477,0.00262743737830436
2021-07-15,15872.150390625,15952.349609375,15855.0,15924.2001953125,284900,0.004431072328003882,0.0044212840314639245
2021-07-16,15958.349609375,15962.25,15882.599609375,15923.400390625,276300,-5.0225736783704455e-05,-5.022699813825734e-05
2021-07-19,15754.5,15836.900390625,15707.5,15752.400390625,242100,-0.010738912280361723,-0.010796990571541962
2021-07-20,15703.9501953125,15728.4501953125,15578.5498046875,15632.099609375,274300,-0.0076369809214345,-0.007666291987629491
2021-07-22,15736.599609375,15834.7998046875,15726.400390625,15824.0498046875,265300,0.012279233123449584,0.012204454864528006
2021-07-23,15856.7998046875,15899.7998046875,15768.400390625,15856.0498046875,294100,0.002022238326785386,0.0020201963552988087
2021-07-26,15849.2998046875,15893.349609375,15797.0,15824.4501953125,267100,-0.0019929055322251976,-0.001994894010794567
2021-07-27,15860.5,15881.5498046875,15701.0,15746.4501953125,311000,-0.004929081202650898,-0.004941269190283573
2021-07-28,15761.5498046875,15767.5,15513.4501953125,15709.400390625,318600,-0.002352898858342667,-0.0023556712745251398
2021-07-29,15762.7001953125,15817.349609375,15737.7998046875,15778.4501953125,401600,0.004395444954646832,0.0043858132000563635
2021-07-30,15800.599609375,15862.7998046875,15744.849609375,15763.0498046875,400000,-0.000976039499086867,-0.000976516135808173
2021-08-02,15874.900390625,15892.900390625,15834.650390625,15885.150390625,244800,0.007746000136419795,0.007716153904229494
2021-08-03,15951.5498046875,16146.900390625,15914.349609375,16130.75,341300,0.015460955882416139,0.015342653128218075
2021-08-04,16195.25,16290.2001953125,16176.150390625,16258.7998046875,427300,0.007938242467802281,0.007906900379200192
2021-08-05,16288.9501953125,16349.4501953125,16210.2998046875,16294.599609375,418200,0.0022018725316477195,0.002199451962862978
2021-08-06,16304.400390625,16336.75,16223.2998046875,16238.2001953125,320100,-0.003461233501561467,-0.0034672374282357825
2021-08-09,16281.349609375,16320.75,16179.0498046875,16258.25,240500,0.0012347307242392969,0.0012339690711517842
2021-08-10,16274.7998046875,16359.25,16202.25,16280.099609375,288000,0.0013439090538649445,0.0013430068163520583
2021-08-11,16327.2998046875,16338.75,16162.5498046875,16282.25,277900,0.00013208706805212245,0.00013207834532344713
2021-08-12,16303.650390625,16375.5,16286.900390625,16364.400390625,280200,0.005045395484346349,0.005032710127087298
2021-08-13,16385.69921875,16543.599609375,16376.2998046875,16529.099609375,321900,0.010064482340847336,0.010014172717061967
2021-08-16,16518.400390625,16589.400390625,16480.75,16563.05078125,254000,0.002054024277023725,0.0020519176533692787
2021-08-17,16545.25,16628.55078125,16495.400390625,16614.599609375,297400,0.0031122785775283823,0.0031074454639570138
2021-08-18,16691.94921875,16701.849609375,16535.849609375,16568.849609375,251800,-0.00275360231817956,-0.002757400455017452
2021-08-20,16382.5,16509.55078125,16376.0498046875,16450.5,350800,-0.007142898400624986,-0.007168531033199722
2021-08-23,16592.25,16592.5,16395.69921875,16496.44921875,275600,0.0027931806783987323,0.002789286998064274
2021-08-24,16561.400390625,16647.099609375,16495.30078125,16624.599609375,275400,0.007768362083601765,0.007738343720985011
2021-08-25,16654.0,16712.44921875,16617.5,16634.650390625,265900,0.0006045728309951315,0.0006043901504665573
2021-08-26,16627.94921875,16683.69921875,16603.400390625,16636.900390625,253500,0.00013525983096518424,0.00013525068417903375
2021-08-27,16642.55078125,16722.05078125,16565.599609375,16705.19921875,217400,0.004105261588480014,0.004096857993577663
2021-08-30,16775.849609375,16951.5,16764.849609375,16931.05078125,283500,0.013519836521704187,0.013429259014094868
2021-08-31,16947.5,17153.5,16915.849609375,17132.19921875,464400,0.011880446175423387,0.011810427696351353
2021-09-01,17185.599609375,17225.75,17055.05078125,17076.25,301900,-0.00326573477436376,-0.0032710789243950112
2021-09-02,17095.400390625,17245.5,17059.69921875,17234.150390625,242400,0.009246783727399066,0.009204293951085803
2021-09-03,17262.44921875,17340.099609375,17212.19921875,17323.599609375,261400,0.005190230833697296,0.005176808010644206
2021-09-06,17399.349609375,17429.55078125,17345.55078125,17377.80078125,228000,0.0031287476677577253,0.003123863322045117
2021-09-07,17401.55078125,17436.5,17287.0,17362.099609375,243400,-0.0009035189246697772,-0.0009039273439216094
2021-09-08,17375.75,17383.400390625,17254.19921875,17353.5,252700,-0.0004953092983268625,-0.0004954320044973781
2021-09-09,17312.849609375,17379.650390625,17302.69921875,17369.25,241500,0.0009075978909154347,0.0009071862729865194
2021-09-13,17363.55078125,17378.349609375,17269.150390625,17355.30078125,241100,-0.000803098507419775,-0.0008034211637875494
2021-09-14,17420.349609375,17438.55078125,17367.05078125,17380.0,230400,0.001423151293159064,0.0014221395731308123
2021-09-15,17387.650390625,17532.69921875,17386.900390625,17519.44921875,388200,0.00802354538262362,0.007991527890878581
2021-09-16,17539.19921875,17644.599609375,17510.44921875,17629.5,503300,0.006281634763507293,0.006261987530756848
2021-09-17,17709.650390625,17792.94921875,17537.650390625,17585.150390625,508300,-0.002515647600612625,-0.002518817158814708
2021-09-20,17443.849609375,17622.75,17361.80078125,17396.900390625,339100,-0.010705054879733056,-0.01076276621795277
2021-09-21,17450.5,17578.349609375,17326.099609375,17562.0,363600,0.00949017386246398,0.009445425055689747
2021-09-22,17580.900390625,17610.44921875,17524.0,17546.650390625,295200,-0.0008740239935656202,-0.0008744061752431491
2021-09-23,17670.849609375,17843.900390625,17646.55078125,17822.94921875,320500,0.015746528367181822,0.01562383807742847
2021-09-24,17897.44921875,17947.650390625,17819.400390625,17853.19921875,360100,0.0016972499684944076,0.0016958112674268218
2021-09-27,17932.19921875,17943.5,17802.900390625,17855.099609375,295700,0.00010644538279747096,0.00010643971788971012
2021-09-28,17906.44921875,17912.849609375,17576.099609375,17748.599609375,398000,-0.0059646824901542495,-0.005982542262753364
2021-09-29,17657.94921875,17781.75,17608.150390625,17711.30078125,562200,-0.0021015082285871234,-0.002103719495544819
2021-09-30,17718.900390625,17742.150390625,17585.349609375,17618.150390625,378600,-0.005259376020738893,-0.005273255224157625
2021-10-01,17531.900390625,17557.150390625,17452.900390625,17532.05078125,305800,-0.004886983449795879,-0.004898963801205104
2021-10-04,17615.55078125,17750.900390625,17581.349609375,17691.25,295800,0.009080467581137563,0.009039488024266832
2021-10-05,17661.349609375,17833.44921875,17640.900390625,17822.30078125,427000,0.007407660919946268,0.007380358946066971
2021-10-06,17861.5,17884.599609375,17613.150390625,17646.0,395800,-0.009892144870289554,-0.009941397212065623
2021-10-07,17810.55078125,17857.55078125,17763.80078125,17790.349609375,419900,0.008180302016037588,0.00814702470131476
2021-10-08,17886.849609375,17941.849609375,17840.349609375,17895.19921875,324100,0.005893622760496431,0.005876323303578524
2021-10-11,17867.55078125,18041.94921875,17839.099609375,17945.94921875,375800,0.0028359561343596074,0.0028319423974920437
2021-10-12,17915.80078125,18008.650390625,17864.94921875,17991.94921875,355600,0.0025632525445875576,0.002559973015762186
2021-10-13,18097.849609375,18197.80078125,18050.75,18161.75,506700,0.00943759784921161,0.00939334195098345
2021-10-14,18272.849609375,18350.75,18248.69921875,18338.55078125,538700,0.009734787740718787,0.009687709975996201
2021-10-18,18500.099609375,18543.150390625,18445.30078125,18477.05078125,469900,0.007552396132719963,0.007524019573498294
2021-10-19,18602.349609375,18604.44921875,18377.69921875,18418.75,368200,-0.003155307734996393,-0.0031602962146704853
2021-10-20,18439.900390625,18458.30078125,18209.349609375,18266.599609375,371300,-0.008260625212080042,-0.008294933244362599
2021-10-21,18382.69921875,18384.19921875,18048.0,18178.099609375,365900,-0.004844908296702255,-0.004856682911584848
2021-10-22,18230.69921875,18314.25,18034.349609375,18114.900390625,324700,-0.003476668084567369,-0.0034827257394313984
2021-10-25,18229.5,18241.400390625,17968.5,18125.400390625,418700,0.000579633328010587,0.0005794654054989729
2021-10-26,18154.5,18310.44921875,18099.30078125,18268.400390625,341400,0.007889480889700096,0.00785852166355233
2021-10-27,18295.849609375,18342.05078125,18167.900390625,18210.94921875,335200,-0.0031448386638428527,-0.0031497940609639214
2021-10-28,18187.650390625,18190.69921875,17799.44921875,17857.25,374200,-0.0194223384240636,-0.019613430387588483
2021-10-29,17833.05078125,17915.849609375,17613.099609375,17671.650390625,336500,-0.010393515763905459,-0.010447905544470225
2021-11-01,17783.150390625,17954.099609375,17697.099609375,17929.650390625,281200,0.014599655057507821,0.014494106171593095
2021-11-02,17970.900390625,18012.25,17847.599609375,17888.94921875,296400,-0.002270048271341696,-0.002272628736845954
2021-11-03,17947.94921875,17988.75,17757.94921875,17829.19921875,331000,-0.0033400508475575075,-0.003345641269055336
2021-11-04,17935.05078125,17947.55078125,17900.599609375,17916.80078125,48500,0.004913376165984751,0.0049013449265533065
2021-11-08,18040.19921875,18087.80078125,17836.099609375,18068.55078125,338900,0.008469704042186388,0.008434037348294714
2021-11-09,18084.349609375,18112.599609375,17983.05078125,18044.25,270200,-0.001344921435271762,-0.0013458266538282125
2021-11-10,17973.44921875,18061.25,17915.0,18017.19921875,261400,-0.0014991358050348014,-0.0015002606334366785
2021-11-11,17967.44921875,17971.349609375,17798.19921875,17873.599609375,232100,-0.007970140510272006,-0.00800207185820445
2021-11-12,17977.599609375,18123.0,17905.900390625,18102.75,249100,0.012820606684330382,0.012739118453093435
2021-11-15,18140.94921875,18210.150390625,18071.30078125,18109.44921875,280400,0.0003700663573213969,0.00036999789965571825
2021-11-16,18127.05078125,18132.650390625,17958.80078125,17999.19921875,267400,-0.006087981951756416,-0.006106589273008452
2021-11-17,17939.349609375,18022.650390625,17879.25,17898.650390625,295700,-0.005586294529162039,-0.005601956226916921
2021-11-18,17890.55078125,17945.599609375,17688.5,17764.80078125,278400,-0.007478195643460861,-0.007506297537132803
2021-11-22,17796.25,17805.25,17280.44921875,17416.55078125,356400,-0.019603372100156835,-0.01979806684873854
2021-11-23,17281.75,17553.69921875,17216.099609375,17503.349609375,308800,0.004983697932798847,0.004971320417088634
2021-11-24,17550.05078125,17600.599609375,17354.0,17415.05078125,298100,-0.0050446817378146935,-0.005057449101021469
2021-11-25,17417.30078125,17564.349609375,17351.69921875,17536.25,255900,0.006959452503032093,0.006935347288237329
2021-11-26,17338.75,17355.400390625,16985.69921875,17026.44921875,356300,-0.029071254187753914,-0.029502195657113865
2021-11-29,17055.80078125,17160.69921875,16782.400390625,17053.94921875,348900,0.0016151341742889347,0.0016138312478338214
2021-11-30,17051.150390625,17324.650390625,16931.400390625,16983.19921875,498000,-0.004148599194972014,-0.0041572285072535705
2021-12-01,17104.400390625,17213.05078125,17064.25,17166.900390625,295500,0.01081664117042136,0.010758559762450211
2021-12-02,17183.19921875,17420.349609375,17149.30078125,17401.650390625,279900,0.013674571102433752,0.013581917861660867
2021-12-03,17424.900390625,17489.80078125,17180.80078125,17196.69921875,292500,-0.01177768586739425,-0.011847592241934006
2021-12-06,17209.05078125,17216.75,16891.69921875,16912.25,231700,-0.01654091957599968,-0.016679248094838027
2021-12-07,17044.099609375,17251.650390625,16987.75,17176.69921875,254100,0.015636548581649423,0.015515557382479443
2021-12-08,17315.25,17484.599609375,17308.94921875,17469.75,257800,0.017060948527881648,0.016917044993306308
2021-12-09,17524.400390625,17543.25,17379.599609375,17516.849609375,237200,0.002696066593683266,0.002692438725331353
2021-12-10,17476.05078125,17534.349609375,17405.25,17511.30078125,204500,-0.00031677089480919296,-0.00031682107730694167
2021-12-13,17619.099609375,17639.5,17355.94921875,17368.25,256600,-0.008169055116863166,-0.0082026046847206
2021-12-14,17283.19921875,17376.19921875,17225.80078125,17324.900390625,271000,-0.002495911181322197,-0.0024990311601760175
2021-12-15,17323.650390625,17351.19921875,17192.19921875,17221.400390625,215000,-0.005974060321640162,-0.005991976410169169
2021-12-16,17373.0,17379.349609375,17184.94921875,17248.400390625,219500,0.0015678167505297491,0.0015665890089298405
2021-12-17,17276.0,17298.150390625,16966.44921875,16985.19921875,354600,-0.01525945397337003,-0.015377077556357827
2021-12-20,16824.25,16840.099609375,16410.19921875,16614.19921875,330600,-0.021842546279377872,-0.022084626281366433
2021-12-21,16773.150390625,16936.400390625,16688.25,16770.849609375,241000,0.00942870544420904,0.009384532645495392
2021-12-22,16865.55078125,16971.0,16819.5,16955.44921875,207900,0.011007170994593363,0.010947032985081793
2021-12-23,17066.80078125,17118.650390625,17015.55078125,17072.599609375,197000,0.006909306212627531,0.006885546336514033
2021-12-24,17149.5,17155.599609375,16909.599609375,17003.75,182600,-0.004032754879180422,-0.0040409083631890875
2021-12-27,16937.75,17112.05078125,16833.19921875,17086.25,144800,0.004851870910828504,0.004840138519222991
2021-12-28,17177.599609375,17250.25,17161.150390625,17233.25,176000,0.008603409174043453,0.008566610759914585
2021-12-29,17220.099609375,17285.94921875,17176.650390625,17213.599609375,161700,-0.0011402602889762914,-0.00114091088034896
2021-12-30,17201.44921875,17264.05078125,17146.349609375,17203.94921875,320800,-0.0005606259494814747,-0.0005607831589689821
2021-12-31,17244.5,17400.80078125,17238.5,17354.05078125,167000,0.008724831757606522,0.008686990360265219
2022-01-03,17387.150390625,17646.650390625,17383.30078125,17625.69921875,200500,0.015653315812207858,0.015532066331647875
2022-01-04,17681.400390625,17827.599609375,17593.55078125,17805.25,247400,0.01018687423526421,0.01013533773365083
2022-01-05,17820.099609375,17944.69921875,17748.849609375,17925.25,251500,0.0067395852346920915,0.006716975758933995
2022-01-06,17768.5,17797.94921875,17655.55078125,17745.900390625,236500,-0.010005417462796928,-0.01005580805311726
2022-01-07,17797.599609375,17905.0,17704.55078125,17812.69921875,239300,0.003764183651131514,0.0037571168401497185
2022-01-10,17913.30078125,18017.44921875,17879.150390625,18003.30078125,232400,0.010700318921871732,0.010643475643964555
2022-01-11,17997.75,18081.25,17964.400390625,18055.75,220200,0.002913311252602302,0.0029090757855369247
2022-01-12,18170.400390625,18227.94921875,18128.80078125,18212.349609375,245000,0.008673115731830494,0.008635720331115329
2022-01-13,18257.0,18272.25,18163.80078125,18257.80078125,303700,0.0024956237305924223,0.002492514833041471
2022-01-14,18185.0,18286.94921875,18119.650390625,18255.75,229500,-0.00011232356375068253,-0.00011232987251458901
2022-01-17,18235.650390625,18321.55078125,18228.75,18308.099609375,266700,0.0028675682661627455,0.0028634646353713476
2022-01-18,18337.19921875,18350.94921875,18085.900390625,18113.05078125,227500,-0.010653690567923424,-0.010710847446216868
2022-01-19,18129.19921875,18129.19921875,17884.900390625,17938.400390625,276700,-0.00964224043394124,-0.009689027834056424
2022-01-20,17921.0,17943.69921875,17648.44921875,17757.0,258100,-0.010112406160797005,-0.010163883876396832
2022-01-21,17613.69921875,17707.599609375,17485.849609375,17617.150390625,277600,-0.007875745304668613,-0.00790692279190989
2022-01-24,17575.150390625,17599.400390625,16997.849609375,17149.099609375,323800,-0.02656790518738339,-0.02692721026213864
2022-01-25,17001.55078125,17309.150390625,16836.80078125,17277.94921875,326500,0.007513491221694313,0.0074854055398087425
2022-01-27,17062.0,17182.5,16866.75,17110.150390625,395600,-0.00971173291462768,-0.009759199363728934
2022-01-28,17208.30078125,17373.5,17077.099609375,17101.94921875,355300,-0.0004793161771092791,-0.0004794310858279706
2022-01-31,17301.05078125,17410.0,17264.150390625,17339.849609375,321700,0.0139107178709299,0.01381485185545943
2022-02-01,17529.44921875,17622.400390625,17244.55078125,17576.849609375,386400,0.013667938611870323,0.013575374822651254
2022-02-02,17706.19921875,17794.599609375,17674.80078125,17780.0,271200,0.011557838585399605,0.01149155699474709
2022-02-03,17767.75,17781.150390625,17511.150390625,17560.19921875,226600,-0.012362248664229525,-0.01243929691182117
2022-02-04,17590.19921875,17617.80078125,17462.55078125,17516.30078125,261400,-0.0024998826581151823,-0.002503012582150695
2022-02-07,17456.30078125,17536.75,17119.400390625,17213.599609375,265000,-0.017281112927623465,-0.017432174227495423
2022-02-08,17279.849609375,17306.44921875,17043.650390625,17266.75,268500,0.0030876976246183574,0.003082940476216172
2022-02-09,17370.099609375,17477.150390625,17339.0,17463.80078125,236400,0.01141215233034587,0.0113475249468573
2022-02-10,17554.099609375,17639.44921875,17427.150390625,17605.849609375,273600,0.008133901085124018,0.00810099920504003
2022-02-11,17451.0,17454.75,17303.0,17374.75,253100,-0.01312629691281364,-0.013213208134273142
2022-02-14,17076.150390625,17099.5,16809.650390625,16842.80078125,305500,-0.03061622289529342,-0.031094690696753635
2022-02-15,16933.25,17375.0,16839.25,17352.44921875,298700,0.03025912638397754,0.02981034961442144
2022-02-16,17408.44921875,17490.599609375,17257.69921875,17322.19921875,244500,-0.0017432697608654735,-0.001744791023833279
2022-02-17,17396.55078125,17442.900390625,17235.849609375,17304.599609375,232100,-0.001016014719190439,-0.001016531212017758
2022-02-18,17236.05078125,17380.80078125,17219.19921875,17276.30078125,189600,-0.0016353356196504576,-0.0016366742405402451
2022-02-21,17192.25,17351.05078125,17070.69921875,17206.650390625,215200,-0.004031556958107085,-0.004039705592356217
2022-02-22,16847.94921875,17148.55078125,16843.80078125,17092.19921875,300100,-0.006651566067580439,-0.00667378632095619
2022-02-23,17194.5,17220.69921875,17027.849609375,17063.25,200200,-0.0016937094155936583,-0.0016951453630000418
2022-02-24,16548.900390625,16705.25,16203.25,16247.9501953125,458000,-0.04778103847083648,-0.04896026903082192
2022-02-25,16515.650390625,16748.80078125,16478.30078125,16658.400390625,329800,0.025261660109649586,0.024947858168202962
2022-02-28,16481.599609375,16815.900390625,16356.2998046875,16793.900390625,404200,0.008134034290366632,0.008101131335537446
2022-03-02,16593.099609375,16678.5,16478.650390625,16605.94921875,517700,-0.011191633122935585,-0.011254730666993663
2022-03-03,16723.19921875,16768.94921875,16442.94921875,16498.05078125,442100,-0.00649757722841704,-0.006518778370608893
2022-03-04,16339.4501953125,16456.0,16133.7998046875,16245.349609375,456100,-0.015317032007332254,-0.015435549523985674
2022-03-07,15867.9501953125,15944.599609375,15711.4501953125,15863.150390625,585400,-0.02352668473994779,-0.023807855961420165
2022-03-08,15747.75,16028.75,15671.4501953125,16013.4501953125,543600,0.009474776509483585,0.009430172336242727
2022-03-09,16078.0,16418.05078125,15990.0,16345.349609375,462200,0.020726290088294297,0.020514423015661167
2022-03-10,16757.099609375,16757.30078125,16447.900390625,16594.900390625,486400,0.01526738719047449,0.015152013456311012
2022-03-11,16528.80078125,16694.400390625,16470.900390625,16630.44921875,343700,0.0021421537513466316,0.0021398626113986923
2022-03-14,16633.69921875,16887.94921875,16606.5,16871.30078125,314700,0.014482565042708062,0.014378694372337426
2022-03-15,16900.650390625,16927.75,16555.0,16663.0,381600,-0.012346456503312231,-0.012423307208470636
2022-03-16,16876.650390625,16987.900390625,16837.849609375,16975.349609375,260000,0.018745100484606647,0.018571576221107083
2022-03-17,17202.900390625,17344.599609375,17175.75,17287.05078125,448300,0.018361988356508263,0.01819544269851146
2022-03-21,17329.5,17353.349609375,17096.400390625,17117.599609375,285500,-0.009802202470463706,-0.009850560325581039
2022-03-22,17120.400390625,17334.400390625,17006.30078125,17315.5,338300,0.011561223252155806,0.011494902983443505
2022-03-23,17405.05078125,17442.400390625,17199.599609375,17245.650390625,292100,-0.0040339354552280104,-0.004042093720190609
2022-03-24,17094.94921875,17291.75,17091.150390625,17222.75,290300,-0.0013278937068936791,-0.0013287761390126268
2022-03-25,17289.0,17294.900390625,17076.55078125,17153.0,237100,-0.004049875890900112,-0.004058098847076208
2022-03-28,17181.849609375,17235.099609375,17003.900390625,17222.0,253200,0.004022619949862971,0.004014550846285441
2022-03-29,17297.19921875,17343.650390625,17235.69921875,17325.30078125,235100,0.005998187274997013,0.00598026976240216
2022-03-30,17468.150390625,17522.5,17387.19921875,17498.25,505000,0.009982465582194733,0.009932969892759297
2022-03-31,17519.19921875,17559.80078125,17435.19921875,17464.75,281100,-0.001914477162001882,-0.001916312115762529
2022-04-01,17436.900390625,17703.69921875,17422.69921875,17670.44921875,291800,0.011777965258592316,0.01170914487476482
2022-04-04,17809.099609375,18114.650390625,17791.400390625,18053.400390625,345500,0.021671841339984343,0.0214403456403388
2022-04-05,18080.599609375,18095.44921875,17921.55078125,17957.400390625,283500,-0.005317557796472028,-0.005331746328175393
2022-04-06,17842.75,17901.0,17779.849609375,17807.650390625,328800,-0.008339180323571727,-0.008374145812508964
2022-04-07,17723.30078125,17787.5,17623.69921875,17639.55078125,308800,-0.00943974110495216,-0.009484577848941177
2022-04-08,17698.150390625,17842.75,17600.55078125,17784.349609375,274400,0.008208759390795572,0.008175250776633796
2022-04-11,17740.900390625,17779.05078125,17650.94921875,17674.94921875,251700,-0.006151497975913078,-0.006170496392137639
2022-04-12,17584.849609375,17595.30078125,17442.349609375,17530.30078125,266000,-0.008183810641252287,-0.008217481851263662
2022-04-13,17599.900390625,17663.650390625,17457.400390625,17475.650390625,245100,-0.0031174816283502382,-0.0031223510971550208
2022-04-18,17183.44921875,17237.75,17067.849609375,17173.650390625,376100,-0.017281188010147552,-0.017432250630348714
2022-04-19,17258.94921875,17275.650390625,16824.69921875,16958.650390625,401400,-0.012519178806467801,-0.012598203971631295
2022-04-20,17045.25,17186.900390625,16978.94921875,17136.55078125,286100,0.010490244596548015,0.010435603778864927
2022-04-21,17234.599609375,17414.69921875,17215.5,17392.599609375,285200,0.014941678252146096,0.014831150992767859
2022-04-22,17242.75,17315.30078125,17149.19921875,17171.94921875,262700,-0.012686452605167986,-0.012767612798961313
2022-04-25,17009.05078125,17054.30078125,16888.69921875,16953.94921875,275700,-0.012695122564301942,-0.012776394201003337
2022-04-26,17121.30078125,17223.849609375,17064.44921875,17200.80078125,261100,0.014560121616207233,0.014455140840464372
2022-04-27,17073.349609375,17110.69921875,16958.44921875,17038.400390625,265100,-0.009441443610115341,-0.00948629657994312
2022-04-28,17189.5,17322.5,17071.05078125,17245.05078125,312900,0.012128508890934642,0.012055547873445796
2022-04-29,17329.25,17377.650390625,17053.25,17102.55078125,336200,-0.008263240381694681,-0.008297570200330234
2022-05-02,16924.44921875,17092.25,16917.25,17069.099609375,278200,-0.0019559171203674675,-0.0019578324241160947
2022-05-04,17096.599609375,17132.849609375,16623.94921875,16677.599609375,310600,-0.022936183451936376,-0.023203310190181764
2022-05-05,16854.75,16945.69921875,16651.849609375,16682.650390625,265800,0.00030284821366977077,0.00030280236440618743
2022-05-06,16415.55078125,16484.19921875,16340.900390625,16411.25,300500,-0.0162684216398562,-0.016402205362178027
2022-05-09,16227.7001953125,16403.69921875,16142.099609375,16301.849609375,288400,-0.006666182687180999,-0.0066885009232451696
2022-05-10,16248.900390625,16404.55078125,16197.2998046875,16240.0498046875,283100,-0.003790968888092272,-0.003798172823006312
2022-05-11,16270.0498046875,16318.75,15992.599609375,16167.099609375,284300,-0.0044919933245182175,-0.004502112641840228
2022-05-12,16021.099609375,16041.9501953125,15735.75,15808.0,314900,-0.022211752141785834,-0.022462147872579268
2022-05-13,15977.0,16083.599609375,15740.849609375,15782.150390625,369100,-0.0016352232651188903,-0.0016365617019766783
2022-05-16,15845.099609375,15977.9501953125,15739.650390625,15842.2998046875,217600,0.0038112305721171857,0.003803986233609079
2022-05-17,15912.599609375,16284.25,15900.7998046875,16259.2998046875,295700,0.026321935902047233,0.025981475212963467
2022-05-18,16318.150390625,16399.80078125,16211.2001953125,16240.2998046875,290400,-0.0011685620062508173,-0.0011692453072036017
2022-05-19,15917.400390625,15984.75,15775.2001953125,15809.400390625,313900,-0.026532725334179386,-0.026891070897403772
2022-05-20,16043.7998046875,16283.0498046875,16003.849609375,16266.150390625,252400,0.028891038794289337,0.02848156086057151
2022-05-23,16290.9501953125,16414.69921875,16185.75,16214.7001953125,293800,-0.0031630222318707046,-0.0031680351601504043
2022-05-24,16225.5498046875,16262.7998046875,16078.599609375,16125.150390625,249800,-0.005522754266735541,-0.005538061057189644
2022-05-25,16196.349609375,16223.349609375,16006.9501953125,16025.7998046875,243300,-0.006161219184365629,-0.006180277818558741
2022-05-26,16105.0,16204.4501953125,15903.7001953125,16170.150390625,314300,0.009007387318995308,0.008967062770830264
2022-05-27,16296.599609375,16370.599609375,16221.9501953125,16352.4501953125,274100,0.011273847198922216,0.011210771015034579
2022-05-30,16527.900390625,16695.5,16506.150390625,16661.400390625,251400,0.018893205092962884,0.018716945110386057
2022-05-31,16578.44921875,16690.75,16521.900390625,16584.55078125,651600,-0.004612433983534836,-0.004623104079880039
2022-06-01,16594.400390625,16649.19921875,16438.849609375,16522.75,249600,-0.0037264067061659745,-0.003733367056413342
2022-06-02,16481.650390625,16646.400390625,16443.05078125,16628.0,236000,0.006370004993115463,0.006349802260260305
2022-06-03,16761.650390625,16793.849609375,16567.900390625,16584.30078125,245500,-0.002628050201467391,-0.0026315095876877827
2022-06-06,16530.69921875,16610.94921875,16444.55078125,16569.55078125,233600,-0.0008893953501298846,-0.0008897910968418909
2022-06-07,16469.599609375,16487.25,16347.099609375,16416.349609375,233800,-0.009245946006475991,-0.009288955076891798
2022-06-08,16474.94921875,16514.30078125,16293.349609375,16356.25,243500,-0.0036609606157923524,-0.003667678332650513
2022-06-09,16263.849609375,16492.80078125,16243.849609375,16478.099609375,205000,0.00744972774168895,0.007422115570615706
2022-06-10,16283.9501953125,16324.7001953125,16172.599609375,16201.7998046875,189700,-0.016767698414100085,-0.01690986774485526
2022-06-13,15877.5498046875,15886.150390625,15684.0,15774.400390625,225500,-0.026379749115209128,-0.026733937520215956
2022-06-14,15674.25,15858.0,15659.4501953125,15732.099609375,225400,-0.00268160945598539,-0.0026852114114221596
2022-06-15,15729.25,15783.650390625,15678.900390625,15692.150390625,183000,-0.0025393443813560568,-0.0025425739848417965
2022-06-16,15832.25,15863.150390625,15335.099609375,15360.599609375,264700,-0.021128447854290244,-0.021354848179315097
2022-06-17,15272.650390625,15400.400390625,15183.400390625,15293.5,342600,-0.00436829362663993,-0.004377862497838008
2022-06-20,15334.5,15382.5,15191.099609375,15350.150390625,260000,0.0037042135956451006,0.0036973698916184226
2022-06-21,15455.9501953125,15707.25,15419.849609375,15638.7998046875,262800,0.018804337854487096,0.018629721921802747
2022-06-22,15545.650390625,15565.400390625,15385.9501953125,15413.2998046875,220900,-0.014419265085317434,-0.01452423294963793
2022-06-23,15451.5498046875,15628.4501953125,15367.5,15556.650390625,259200,0.009300447519609234,0.009257464658604653
2022-06-24,15657.400390625,15749.25,15619.4501953125,15699.25,219600,0.009166472588529428,0.009124715461734611
2022-06-27,15926.2001953125,15927.4501953125,15815.5,15832.0498046875,210900,0.008458990377725017,0.008423413606869335
2022-06-28,15757.4501953125,15892.099609375,15710.150390625,15850.2001953125,251900,0.0011464333961117568,0.0011457767431705531
2022-06-29,15701.7001953125,15861.599609375,15687.7998046875,15799.099609375,444900,-0.0032239710103227903,-0.003229179201912245
2022-06-30,15774.5,15890.0,15728.849609375,15780.25,306000,-0.001193081241402827,-0.0011937935294284723
2022-07-01,15703.7001953125,15793.9501953125,15511.0498046875,15752.0498046875,364100,-0.0017870563085186086,-0.0017886549985601772
2022-07-04,15710.5,15852.349609375,15661.7998046875,15835.349609375,304300,0.005288188249805481,0.005274254882250374
2022-07-05,15909.150390625,16025.75,15785.4501953125,15810.849609375,254200,-0.0015471713984448465,-0.0015483695040555473
2022-07-06,15818.2001953125,16011.349609375,15800.900390625,15989.7998046875,288400,0.011318189707300252,0.01125461822453212
2022-07-07,16113.75,16150.5,16045.9501953125,16132.900390625,264600,0.00894949203151052,0.00890968266712923
2022-07-08,16273.650390625,16275.5,16157.900390625,16220.599609375,281100,0.005436047866567373,0.005421325887187373
2022-07-11,16136.150390625,16248.5498046875,16115.5,16216.0,255900,-0.00028356592763323363,-0.00028360614005298526
2022-07-12,16126.2001953125,16158.75,16031.150390625,16058.2998046875,208600,-0.0097249750439381,-0.009772571447684876
2022-07-13,16128.2001953125,16140.0,15950.150390625,15966.650390625,233300,-0.005707292501522909,-0.0057236413300785416
2022-07-14,16018.849609375,16070.849609375,15858.2001953125,15938.650390625,228600,-0.0017536552323109689,-0.0017551946856914542
2022-07-15,16010.7998046875,16066.9501953125,15927.2998046875,16049.2001953125,205800,0.0069359576863876615,0.006912014580365188
2022-07-18,16151.400390625,16287.9501953125,16142.2001953125,16278.5,227700,0.014287304158276504,0.014186202470718856
2022-07-19,16187.0498046875,16359.5,16187.0498046875,16340.5498046875,222600,0.003811764271124396,0.003804517906147779
2022-07-20,16562.80078125,16588.0,16490.94921875,16520.849609375,284400,0.01103388850696918,0.010973459265845803
2022-07-21,16523.55078125,16626.94921875,16483.900390625,16605.25,243600,0.005108719746296009,0.005095714512164849
2022-07-22,16661.25,16752.25,16610.900390625,16719.44921875,190900,0.006877295960614926,0.006853755230166662
2022-07-25,16662.55078125,16706.05078125,16564.25,16631.0,211400,-0.005290199311757782,-0.005304241963650273
2022-07-26,16632.900390625,16636.099609375,16463.30078125,16483.849609375,208200,-0.00884795806776506,-0.008887333683346772
2022-07-27,16475.349609375,16653.44921875,16438.75,16641.80078125,185200,0.0095821774414373,0.00953655956008488
2022-07-28,16774.849609375,16947.650390625,16746.25,16929.599609375,376300,0.017293731123692924,0.017145896529526243
2022-07-29,17079.5,17172.80078125,17018.150390625,17158.25,436100,0.013505953826479233,0.013415561413115864
2022-08-01,17243.19921875,17356.25,17154.80078125,17340.05078125,381500,0.010595531668439406,0.010539792401854702
2022-08-02,17310.150390625,17390.150390625,17215.849609375,17345.44921875,333600,0.000311327663805816,0.0003112792114048116
2022-08-03,17349.25,17407.5,17225.849609375,17388.150390625,285400,0.002461808358865669,0.002458783072766921
2022-08-04,17463.099609375,17490.69921875,17161.25,17382.0,325000,-0.0003537116074355806,-0.00035377417814128954
2022-08-05,17423.650390625,17474.400390625,17348.75,17397.5,355300,0.0008917270739845495,0.0008913297215996853
2022-08-08,17401.5,17548.80078125,17359.75,17525.099609375,257000,0.007334364671648164,0.007307599012140524
2022-08-10,17566.099609375,17566.099609375,17442.80078125,17534.75,312700,0.0005506610997998429,0.0005505095416120064
2022-08-11,17711.650390625,17719.30078125,17631.94921875,17659.0,311200,0.007085929368824795,0.007060942140366637
2022-08-12,17659.650390625,17724.650390625,17597.849609375,17698.150390625,303900,0.0022170219505635025,0.0022145679837284517
2022-08-16,17797.19921875,17839.099609375,17764.05078125,17825.25,0,0.007181519343531395,0.007155855032733008
2022-08-17,17868.150390625,17965.94921875,17833.349609375,17944.25,262800,0.006675923198833145,0.006653737907021656
2022-08-18,17898.650390625,17968.44921875,17852.05078125,17956.5,263900,0.0006826699360520383,0.0006824370229270742
2022-08-19,17966.55078125,17992.19921875,17710.75,17758.44921875,295600,-0.011029475746944017,-0.011090751389954998
2022-08-22,17682.900390625,17690.05078125,17467.349609375,17490.69921875,287600,-0.0150773300473388,-0.015192148554208883
2022-08-23,17357.349609375,17625.55078125,17345.19921875,17577.5,285600,0.00496268217550444,0.004950408657946044
2022-08-24,17525.44921875,17623.650390625,17499.25,17604.94921875,262000,0.001561611079505143,0.001560393032835227
2022-08-25,17679.0,17726.5,17487.44921875,17522.44921875,230200,-0.004686182219266755,-0.004697196795508722
2022-08-26,17619.30078125,17685.849609375,17519.349609375,17558.900390625,266600,0.002080255529346653,0.002078094793881999
2022-08-29,17188.650390625,17380.150390625,17166.19921875,17312.900390625,244900,-0.014009988924553851,-0.014109055185943692
2022-08-30,17414.94921875,17777.650390625,17401.5,17759.30078125,324700,0.02578426378902554,0.025457455427431688
2022-09-01,17485.69921875,17695.599609375,17468.44921875,17542.80078125,308500,-0.012190795272107646,-0.012265712506503565
2022-09-02,17598.400390625,17643.849609375,17476.44921875,17539.44921875,256300,-0.0001910505934481499,-0.00019106884593758132
2022-09-05,17546.44921875,17683.150390625,17540.349609375,17665.80078125,230300,0.007203850071011875,0.00717802628935595
2022-09-06,17695.69921875,17764.650390625,17587.650390625,17655.599609375,251200,-0.0005774531254664206,-0.000577619915734608
2022-09-07,17519.400390625,17650.75,17484.30078125,17624.400390625,354100,-0.0017671004916441913,-0.0017686636555011566
2022-09-08,17748.150390625,17807.650390625,17691.94921875,17798.75,279800,0.009892512965589573,0.009843902383512463
2022-09-09,17923.349609375,17925.94921875,17786.0,17833.349609375,270300,0.0019439347917691308,0.0019420477956010656
2022-09-12,17890.849609375,17980.55078125,17889.150390625,17936.349609375,228200,0.005775695663245095,0.005759080279283832
2022-09-13,18044.44921875,18088.30078125,18015.44921875,18070.05078125,259900,0.007454201929980142,0.007426556664034913
2022-09-14,17771.150390625,18091.55078125,17771.150390625,18003.75,365900,-0.0036690976717561608,-0.003675845320864187
2022-09-15,18046.349609375,18096.150390625,17861.5,17877.400390625,289600,-0.007017960667916379,-0.0070427023794097186
2022-09-16,17796.80078125,17820.05078125,17497.25,17530.849609375,468500,-0.019384853148544656,-0.019575203370476822
2022-09-19,17540.650390625,17667.19921875,17429.69921875,17622.25,258300,0.0052136885924867205,0.005200144374609497
2022-09-20,17770.400390625,17919.30078125,17744.400390625,17816.25,263100,0.011008809885230342,0.010948654031257964
2022-09-21,17766.349609375,17838.69921875,17663.599609375,17718.349609375,245500,-0.005495005437451739,-0.005510158516157929
2022-09-22,17609.650390625,17722.75,17532.44921875,17629.80078125,284100,-0.004997577656902563,-0.005010107310831895
2022-09-23,17593.849609375,17642.150390625,17291.650390625,17327.349609375,390800,-0.017155677232420508,-0.01730454089090743
2022-09-26,17156.30078125,17196.400390625,16978.30078125,17016.30078125,492000,-0.017951321762256445,-0.018114401349380974
2022-09-27,17110.900390625,17176.44921875,16942.349609375,17007.400390625,359900,-0.0005230508522044985,-0.0005231876910193474
2022-09-28,16870.55078125,17037.599609375,16820.400390625,16858.599609375,323900,-0.00874917846539458,-0.008787677246935572
2022-09-29,16993.599609375,17026.05078125,16788.599609375,16818.099609375,340000,-0.0024023347691036756,-0.0024052250050792126
2022-09-30,16798.05078125,17187.099609375,16747.69921875,17094.349609375,376100,0.01642575596626905,0.016292312526781774
2022-10-03,17102.099609375,17114.650390625,16855.55078125,16887.349609375,278400,-0.012109264448790458,-0.012183178897324074
2022-10-04,17147.44921875,17287.30078125,17117.30078125,17274.30078125,226000,0.02291367093271912,0.022655095268550494
2022-10-06,17379.25,17428.80078125,17315.650390625,17331.80078125,265500,0.0033286441360573793,0.0033231164632058175
2022-10-07,17287.19921875,17337.349609375,17216.94921875,17314.650390625,216300,-0.0009895331040011834,-0.0009900230150986376
2022-10-10,17094.349609375,17280.150390625,17064.69921875,17241.0,234000,-0.00425364584114718,-0.004262718329192525
2022-10-11,17256.05078125,17261.80078125,16950.30078125,16983.55078125,282600,-0.014932383199930399,-0.015044993668578569
2022-10-12,17025.55078125,17142.349609375,16960.05078125,17123.599609375,256000,0.008246145339619648,0.008212331644389038
2022-10-13,17087.349609375,17112.349609375,16956.94921875,17014.349609375,266400,-0.006380083772817624,-0.0064005234917517235
2022-10-14,17322.30078125,17348.55078125,17169.75,17185.69921875,227000,0.010070888003887335,0.010020514532698735
2022-10-17,17144.80078125,17328.55078125,17098.55078125,17311.80078125,212200,0.007337586960815656,0.007310797834822186
2022-10-18,17438.75,17527.80078125,17434.05078125,17486.94921875,239500,0.010117285874136073,0.010066448739082915
2022-10-19,17568.150390625,17607.599609375,17472.849609375,17512.25,210500,0.0014468379208691928,0.0014457922593648584
2022-10-20,17423.099609375,17584.150390625,17421.0,17563.94921875,249600,0.0029521745492440132,0.0029478254394111857
2022-10-21,17622.849609375,17670.150390625,17520.75,17576.30078125,277700,0.0007032337856462956,0.0007029866326317706
2022-10-24,17736.349609375,17777.55078125,17707.400390625,17730.75,45000,0.008787356376761757,0.008748972260095097
2022-10-25,17808.30078125,17811.5,17637.0,17656.349609375,251400,-0.004196122026705051,-0.004204950452158822
2022-10-27,17771.400390625,17783.900390625,17654.5,17736.94921875,324600,0.004564907874966551,0.0045545202832827395
2022-10-28,17756.400390625,17838.900390625,17723.69921875,17786.80078125,250000,0.002810605244745412,0.0028066628790527496
2022-10-31,17910.19921875,18022.80078125,17899.900390625,18012.19921875,227200,0.012672230395564199,0.012592609626880552
2022-11-01,18130.69921875,18175.80078125,18060.150390625,18145.400390625,349900,0.007395053222392978,0.007367843877008389
2022-11-02,18177.900390625,18178.75,18048.650390625,18082.849609375,270900,-0.003447197631545107,-0.0034531529072475455
2022-11-03,17968.349609375,18106.30078125,17959.19921875,18052.69921875,213000,-0.0016673473084335422,-0.001668738878993079
2022-11-04,18053.400390625,18135.099609375,18017.150390625,18117.150390625,267900,0.003570168155688336,0.0035638102334325083
2022-11-07,18211.75,18255.5,18064.75,18202.80078125,314800,0.004727586225111935,0.0047164462855731094
2022-11-09,18288.25,18296.400390625,18117.5,18157.0,307200,-0.002516139235956394,-0.0025193100341803654
2022-11-10,18044.349609375,18103.099609375,17969.400390625,18028.19921875,256500,-0.007093725904609771,-0.007119006002546902
2022-11-11,18272.349609375,18362.30078125,18259.349609375,18349.69921875,378500,0.017833173247033374,0.01767602773148285
2022-11-14,18376.400390625,18399.44921875,18311.400390625,18329.150390625,301400,-0.0011198455015547504,-0.0011204729970374992
2022-11-15,18362.75,18427.94921875,18282.0,18403.400390625,250900,0.004050924260950772,0.00404274135870096
2022-11-16,18398.25,18442.150390625,18344.150390625,18409.650390625,219300,0.0003396111515991951,0.000339553496785159
2022-11-17,18358.69921875,18417.599609375,18312.94921875,18343.900390625,200500,-0.00357149639481924,-0.0035778894143715548
2022-11-18,18382.94921875,18394.599609375,18209.80078125,18307.650390625,198800,-0.00197613371355454,-0.001978088841936149
2022-11-21,18246.400390625,18262.30078125,18133.349609375,18159.94921875,213800,-0.008067729540576885,-0.008100449774708418
2022-11-22,18179.150390625,18261.849609375,18137.69921875,18244.19921875,177700,0.00463933015368867,0.004628601630860599
2022-11-23,18325.19921875,18325.400390625,18246.0,18267.25,178800,0.0012634580983039712,0.0012626606067816233
2022-11-24,18326.099609375,18529.69921875,18294.25,18484.099609375,204000,0.011870949889830174,0.011801042862214367
2022-11-25,18528.44921875,18534.900390625,18445.099609375,18512.75,205900,0.0015500019600884762,0.0015488019469054911
2022-11-28,18430.55078125,18614.25,18365.599609375,18562.75,206500,0.0027008413120686026,0.0026972005940332764
2022-11-29,18552.44921875,18678.099609375,18552.150390625,18618.05078125,195300,0.00297912654375021,0.0029746977400658824
2022-11-30,18625.69921875,18816.05078125,18616.55078125,18758.349609375,345600,0.007535634625419174,0.007507383568474861
2022-12-01,18871.94921875,18887.599609375,18778.19921875,18812.5,325000,0.002886735334004964,0.0028825767148602448
2022-12-02,18752.400390625,18781.94921875,18639.19921875,18696.099609375,254400,-0.006187396179402005,-0.006206617442539312
2022-12-05,18719.55078125,18728.599609375,18591.349609375,18701.05078125,288400,0.00026482378562620035,0.0002647887259970962
2022-12-06,18600.650390625,18654.900390625,18577.900390625,18642.75,217800,-0.0031175136590962937,-0.0031223832280691255
2022-12-07,18638.849609375,18668.30078125,18528.400390625,18560.5,200500,-0.004411902750398933,-0.004421663914122268
2022-12-08,18570.849609375,18625.0,18536.94921875,18609.349609375,202800,0.002631912360927746,0.0026284549446723396
2022-12-09,18662.400390625,18664.69921875,18410.099609375,18496.599609375,215800,-0.006058782405979346,-0.006077211303593385
2022-12-12,18402.150390625,18521.55078125,18345.69921875,18497.150390625,193900,2.977743269738653e-05,2.977698935843848e-05
2022-12-13,18524.400390625,18617.25,18490.19921875,18608.0,187600,0.0059927938646799905,0.005974908495510217
2022-12-14,18671.25,18696.099609375,18632.900390625,18660.30078125,208000,0.002810661073194387,0.002806718551028224
2022-12-15,18614.400390625,18652.900390625,18387.69921875,18414.900390625,183100,-0.013150934355333654,-0.01323817358829901
2022-12-16,18319.099609375,18440.94921875,18255.150390625,18269.0,277700,-0.00792295301794177,-0.007954506384605002
2022-12-19,18288.099609375,18431.650390625,18244.55078125,18420.44921875,154800,0.008289956688926514,0.008255783729645224
2022-12-20,18340.30078125,18404.900390625,18202.650390625,18385.30078125,169000,-0.0019081205394395617,-0.0019099433205291773
2022-12-21,18435.150390625,18473.349609375,18162.75,18199.099609375,187600,-0.01012771964355863,-0.01017935391694218
2022-12-22,18288.80078125,18318.75,18068.599609375,18127.349609375,195700,-0.003942502735851727,-0.0039502948868902
2022-12-23,17977.650390625,18050.44921875,17779.5,17806.80078125,221500,-0.01768316025411787,-0.01784137526808462
2022-12-26,17830.400390625,18084.099609375,17774.25,18014.599609375,176700,0.011669632893506865,0.01160206785899442
2022-12-27,18089.80078125,18149.25,17967.44921875,18132.30078125,214300,0.006533654614990558,0.006512402811413872
2022-12-28,18084.75,18173.099609375,18068.349609375,18122.5,193900,-0.0005405150382313817,-0.0005406611691443354
2022-12-29,18045.69921875,18229.69921875,17992.80078125,18191.0,281100,0.00377983170092433,0.0037727060871833766
2022-12-30,18259.099609375,18265.25,18080.30078125,18105.30078125,192000,-0.00471107793689185,-0.004722210041123311
2023-01-02,18131.69921875,18215.150390625,18086.5,18197.44921875,256100,0.005089583355357918,0.005076675205536103
2023-01-03,18163.19921875,18251.94921875,18149.80078125,18232.55078125,208700,0.00192892762485819,0.001927069632871597
2023-01-04,18230.650390625,18243.0,18020.599609375,18042.94921875,235200,-0.010399069487028845,-0.010453517612292944
2023-01-05,18101.94921875,18120.30078125,17892.599609375,17992.150390625,269900,-0.0028154392892826285,-0.0028194100932680756
2023-01-06,18008.05078125,18047.400390625,17795.55078125,17859.44921875,238200,-0.007375503705446151,-0.0074028372147649955
2023-01-09,17952.55078125,18141.400390625,17936.150390625,18101.19921875,257200,0.013536251708490266,0.01344545509952314
2023-01-10,18121.30078125,18127.599609375,17856.0,17914.150390625,283300,-0.010333504750958511,-0.010387266093937284
2023-01-11,17924.25,17976.349609375,17824.349609375,17895.69921875,259900,-0.0010299775022909463,-0.0010305082936186098
2023-01-12,17920.849609375,17945.80078125,17761.650390625,17858.19921875,227800,-0.00209547554088918,-0.0020976741216788596
2023-01-13,17867.5,17999.349609375,17774.25,17956.599609375,256700,0.005510095918388247,0.0054949708747303715
2023-01-16,18033.150390625,18049.650390625,17853.650390625,17894.849609375,206200,-0.003438847072569362,-0.0034447734977776498
2023-01-17,17922.80078125,18072.05078125,17886.94921875,18053.30078125,219100,0.008854568511824201,0.008815596703469526
2023-01-18,18074.30078125,18183.75,18032.44921875,18165.349609375,255800,0.006206556323560042,0.00618737497867869
2023-01-19,18119.80078125,18155.19921875,18063.75,18107.849609375,237800,-0.003165367099256078,-0.0031703874707042848
2023-01-20,18115.599609375,18145.44921875,18016.19921875,18027.650390625,237200,-0.004428975305189153,-0.004438812272184146
2023-01-23,18118.44921875,18162.599609375,18063.44921875,18118.55078125,202500,0.005042276095628795,0.005029606393094338
2023-01-24,18183.94921875,18201.25,18078.650390625,18118.30078125,216900,-1.3798013043020418e-05,-1.379810823647804e-05
2023-01-25,18093.349609375,18100.599609375,17846.150390625,17891.94921875,257200,-0.01249297962501228,-0.012571672991636754
2023-01-27,17877.19921875,17884.75,17493.55078125,17604.349609375,476300,-0.016074246906178757,-0.016204838949638832
2023-01-30,17541.94921875,17709.150390625,17405.55078125,17648.94921875,432400,0.0025334426073457816,0.002530238851503625
2023-01-31,17731.44921875,17735.69921875,17537.55078125,17662.150390625,398300,0.0007479862801675896,0.0007477066778470427
2023-02-01,17811.599609375,17972.19921875,17353.400390625,17616.30078125,512900,-0.0025959245256645946,-0.0025992997802722563
2023-02-02,17517.099609375,17653.900390625,17445.94921875,17610.400390625,490100,-0.0003349392530399564,-0.00033499535771969267
2023-02-03,17721.75,17870.30078125,17584.19921875,17854.05078125,424100,0.013835596307890219,0.013740758205234283
2023-02-06,17818.55078125,17823.69921875,17698.349609375,17764.599609375,282500,-0.005010133160870178,-0.005022725956678951
2023-02-07,17790.099609375,17811.150390625,17652.55078125,17721.5,354400,-0.0024261514654264627,-0.0024290993398515346
2023-02-08,17750.30078125,17898.69921875,17744.150390625,17871.69921875,291000,0.008475536424681795,0.00843982073038998
2023-02-09,17885.5,17916.900390625,17779.80078125,17893.44921875,260900,0.0012170079483646568,0.0012162679944837883
2023-02-10,17847.55078125,17876.94921875,17801.0,17856.5,232000,-0.0020649578680046465,-0.00206709283308457
2023-02-13,17859.099609375,17880.69921875,17719.75,17770.900390625,231300,-0.00479375070002519,-0.0048052775756446476
2023-02-14,17840.349609375,17954.55078125,17800.05078125,17929.849609375,244500,0.0089443537049958,0.008904589905162998
2023-02-15,17896.599609375,18034.099609375,17853.80078125,18015.849609375,229300,0.004796470794436125,0.004785004379327248
2023-02-16,18094.75,18134.75,18000.650390625,18035.849609375,230200,0.0011101336008929596,0.00110951785824931
2023-02-17,17974.849609375,18034.25,17884.599609375,17944.19921875,208100,-0.005081567689351307,-0.005094522761127012
2023-02-20,17965.55078125,18004.349609375,17818.400390625,17844.599609375,174600,-0.005550518480140765,-0.005565979846782634
2023-02-21,17905.80078125,17924.900390625,17800.30078125,17826.69921875,198200,-0.001003126492992057,-0.0010036299610954843
2023-02-22,17755.349609375,17772.5,17529.44921875,17554.30078125,204000,-0.015280363131582653,-0.015398310946496917
2023-02-23,17574.650390625,17620.05078125,17455.400390625,17511.25,240800,-0.002452434977984641,-0.0024554471223785586
2023-02-24,17591.349609375,17599.75,17421.80078125,17465.80078125,209400,-0.002595429723749043,-0.002598803690668268
2023-02-27,17428.599609375,17451.599609375,17299.0,17392.69921875,246400,-0.004185411445805309,-0.004194194796816341
2023-02-28,17383.25,17440.44921875,17255.19921875,17303.94921875,420900,-0.0051027157362857345,-0.005115779048087727
2023-03-01,17360.099609375,17467.75,17345.25,17450.900390625,272900,0.008492348770636093,0.008456491641293511
2023-03-02,17421.5,17445.80078125,17306.0,17321.900390625,310700,-0.007392168719804415,-0.007419626196212839
2023-03-03,17451.25,17644.75,17427.69921875,17594.349609375,356200,0.015728598629827895,0.015606186138582535
2023-03-06,17680.349609375,17799.94921875,17671.94921875,17711.44921875,362800,0.006655523618366965,0.006633473404126094
2023-03-08,17665.75,17766.5,17602.25,17754.400390625,267000,0.0024250512391459367,0.0024221155475668
2023-03-09,17772.05078125,17772.349609375,17573.599609375,17589.599609375,262400,-0.009282249899975281,-0.009325598438082557
2023-03-10,17443.80078125,17451.5,17324.349609375,17412.900390625,235900,-0.010045664635585094,-0.010096462811863625
2023-03-13,17421.900390625,17529.900390625,17113.44921875,17154.30078125,254900,-0.014851035931626178,-0.014962416687813755
2023-03-14,17160.55078125,17224.650390625,16987.099609375,17043.30078125,290600,-0.006470680525861194,-0.006491706128142258
2023-03-15,17166.44921875,17211.349609375,16938.900390625,16972.150390625,248200,-0.004174683738684903,-0.004183422059139645
2023-03-16,16994.650390625,17062.44921875,16850.150390625,16985.599609375,349800,0.0007924286811309411,0.0007921148752918237
2023-03-17,17111.80078125,17145.80078125,16958.150390625,17100.05078125,408100,0.006738129621978839,0.0067155298897271865
2023-03-20,17066.599609375,17066.599609375,16828.349609375,16988.400390625,241800,-0.0065292432199922645,-0.006550651968001941
2023-03-21,17060.400390625,17127.69921875,17016.0,17107.5,246700,0.007010642946744028,0.006986182644570191
2023-03-22,17177.44921875,17207.25,17107.849609375,17151.900390625,0,0.0025953757489405316,0.002592013577443892
2023-03-23,17097.400390625,17205.400390625,17045.30078125,17076.900390625,219200,-0.004372693304643627,-0.0043822814890137705
2023-03-24,17076.19921875,17109.44921875,16917.349609375,16945.05078125,228000,-0.007720933328590696,-0.007750894050448838
2023-03-27,16984.30078125,17091.0,16918.55078125,16985.69921875,218400,0.0023988383407489433,0.002395965721106003
2023-03-28,17031.75,17061.75,16913.75,16951.69921875,238800,-0.002001683861354908,-0.0020036899079230227
2023-03-29,16977.30078125,17126.150390625,16940.599609375,17080.69921875,345900,0.007609856589321451,0.0075810476927372725
2023-03-31,17210.349609375,17381.599609375,17204.650390625,17359.75,263900,0.016337198944623932,0.016205182818433635
2023-04-03,17427.94921875,17428.05078125,17312.75,17398.05078125,230200,0.002206297973761151,0.002203867672376198
2023-04-05,17422.30078125,17570.55078125,17402.69921875,17557.05078125,248300,0.009138954817361267,0.00909744726853034
2023-04-06,17533.849609375,17638.69921875,17502.849609375,17599.150390625,242700,0.002397874785437182,0.002395004471214228
2023-04-10,17634.900390625,17694.099609375,17597.94921875,17624.05078125,254800,0.0014148632219350699,0.0014138632460749291
2023-04-11,17704.80078125,17748.75,17655.150390625,17722.30078125,304300,0.005574768321964241,0.005559286811614234
2023-04-12,17759.55078125,17825.75,17717.25,17812.400390625,232800,0.005083967961446945,0.005071088231309614
2023-04-13,17807.30078125,17842.150390625,17729.650390625,17828.0,285800,0.0008757724412713497,0.0008753891763391581
2023-04-17,17863.0,17863.0,17574.05078125,17706.849609375,357400,-0.006795512150830185,-0.00681870678285114
2023-04-18,17766.599609375,17766.599609375,17610.19921875,17660.150390625,258900,-0.0026373533282438855,-0.0026408372714739102
2023-04-19,17653.349609375,17666.150390625,17579.849609375,17618.75,281500,-0.002344283016240789,-0.0023470351496987078
2023-04-20,17638.599609375,17684.44921875,17584.349609375,17624.44921875,215100,0.0003234746363958152,0.00032342232975522987
2023-04-21,17639.75,17663.19921875,17553.94921875,17624.05078125,230200,-2.260708945023282e-05,-2.260734499433094e-05
2023-04-24,17707.55078125,17754.5,17612.5,17743.400390625,255700,0.006771973756565242,0.006749146939408538
2023-04-25,17761.55078125,17807.44921875,17716.849609375,17769.25,297400,0.0014568576938982503,0.0014557975062981768
2023-04-26,17767.30078125,17827.75,17711.19921875,17813.599609375,233000,0.0024958627615121465,0.002492753268886545
2023-04-27,17813.099609375,17931.599609375,17797.900390625,17915.05078125,241400,0.005695152810193838,0.005678996739265909
2023-04-28,17950.400390625,18089.150390625,17885.30078125,18065.0,290300,0.008370013603697934,0.008335179280697748
2023-05-02,18124.80078125,18180.25,18101.75,18147.650390625,265200,0.004575166931912511,0.004564732669242972
2023-05-03,18113.80078125,18116.349609375,18042.400390625,18089.849609375,226200,-0.00318502836487633,-0.003190111363585117
2023-05-04,18081.0,18267.44921875,18066.69921875,18255.80078125,226600,0.009173717607303677,0.009131894646700034
2023-05-05,18117.30078125,18216.94921875,18055.44921875,18069.0,239700,-0.010232406865540389,-0.010285117822267788
2023-05-08,18120.599609375,18286.94921875,18100.30078125,18264.400390625,228400,0.010814123118324304,0.010756068652657526
2023-05-09,18303.400390625,18344.19921875,18229.650390625,18265.94921875,245400,8.480038171931881e-05,8.479678637020549e-05
2023-05-10,18313.599609375,18326.75,18211.94921875,18315.099609375,220500,0.0026908205008338015,0.0026872067245805376
2023-05-11,18357.80078125,18389.69921875,18270.400390625,18297.0,248900,-0.0009882342854272697,-0.0009887229108728535
2023-05-12,18273.75,18342.75,18194.55078125,18314.80078125,241700,0.0009728797753729701,0.0009724068345624825
2023-05-15,18339.30078125,18458.900390625,18287.900390625,18398.849609375,216100,0.004589120522186851,0.004578622613795238
2023-05-16,18432.349609375,18432.349609375,18264.349609375,18286.5,219500,-0.006106338807060685,-0.0061250587396132535
2023-05-17,18300.44921875,18309.0,18115.349609375,18181.75,229900,-0.005728269488420423,-0.005744738948538704
2023-05-18,18287.5,18297.19921875,18104.849609375,18129.94921875,272100,-0.002849053652701161,-0.0028531199312594804
2023-05-19,18186.150390625,18218.099609375,18060.400390625,18203.400390625,260900,0.0040513721791914925,0.004043187469679982
2023-05-22,18201.099609375,18335.25,18178.849609375,18314.400390625,262600,0.006097761825706316,0.0060792457091855085
2023-05-23,18362.900390625,18419.75,18324.19921875,18348.0,270400,0.001834600568861644,0.0018329197446846867
2023-05-24,18294.80078125,18392.599609375,18262.94921875,18285.400390625,232600,-0.0034117947119577385,-0.003417628155656871
2023-05-25,18268.900390625,18338.099609375,18202.400390625,18321.150390625,235900,0.001955111686716471,0.0019532029433287895
2023-05-26,18368.349609375,18508.55078125,18333.150390625,18499.349609375,198700,0.009726420827874671,0.009679423693686186
2023-05-29,18619.150390625,18641.19921875,18581.25,18598.650390625,265300,0.005367798508963517,0.005353443226476252
2023-05-30,18606.650390625,18662.44921875,18575.5,18633.849609375,234400,0.0018925684396833287,0.0018907797884415813
2023-05-31,18594.19921875,18603.900390625,18483.849609375,18534.400390625,696500,-0.0053370195013254795,-0.005351312266430236
2023-06-01,18579.400390625,18580.30078125,18464.55078125,18487.75,265600,-0.0025169624936233204,-0.0025201353688439534
2023-06-02,18550.849609375,18573.69921875,18478.400390625,18534.099609375,270900,0.002507044360454902,0.002503906967370625
2023-06-05,18612.0,18640.150390625,18582.80078125,18593.849609375,256100,0.003223787573137793,0.0032186023111129003
2023-06-06,18600.80078125,18622.75,18531.599609375,18599.0,220800,0.00027699431442118616,0.00027695595857881204
2023-06-07,18665.599609375,18738.94921875,18636.0,18726.400390625,260100,0.006849851638528914,0.006826497990157328
2023-06-08,18725.349609375,18777.900390625,18615.599609375,18634.55078125,286500,-0.0049048192636628185,-0.004916887367083021
2023-06-09,18655.900390625,18676.650390625,18555.400390625,18563.400390625,221800,-0.00381819725413457,-0.003825505177262602
2023-06-12,18595.05078125,18633.599609375,18559.75,18601.5,179500,0.0020524046550352004,0.0020503013499982166
2023-06-13,18631.80078125,18728.900390625,18631.80078125,18716.150390625,233200,0.0061635024393194016,0.00614458574708609
2023-06-14,18744.599609375,18769.69921875,18690.0,18755.900390625,261400,0.0021238341844009856,0.002121582036807868
2023-06-15,18774.44921875,18794.099609375,18669.05078125,18688.099609375,263000,-0.0036149041015322014,-0.0036214536561356998
2023-06-16,18723.30078125,18864.69921875,18710.5,18826.0,272800,0.0073790483520230765,0.007351956368470602
2023-06-19,18873.30078125,18881.44921875,18719.150390625,18755.44921875,219800,-0.0037475183921172883,-0.003754557931873424
2023-06-20,18752.349609375,18839.69921875,18660.650390625,18816.69921875,211600,0.003265717567498605,0.0032603966930515953
2023-06-21,18849.400390625,18875.900390625,18794.849609375,18856.849609375,217500,0.0021337637466720683,0.0021314905059401927
2023-06-22,18853.599609375,18886.599609375,18759.5,18771.25,252700,-0.004539443817404343,-0.004549778379793411
2023-06-23,18741.849609375,18756.400390625,18647.099609375,18665.5,210600,-0.005633615236065759,-0.005649543898520234
2023-06-26,18682.349609375,18722.05078125,18646.69921875,18691.19921875,171300,0.0013768299134766515,0.0013758829522746805
2023-06-27,18748.55078125,18829.25,18714.25,18817.400390625,222500,0.00675190341711196,0.006729211402828641
2023-06-28,18908.150390625,19011.25,18861.349609375,18972.099609375,398800,0.00822107281232487,0.008187463868637099
2023-06-30,19076.849609375,19201.69921875,19024.599609375,19189.05078125,247900,0.01143527476356887,0.011370386219451868
2023-07-03,19246.5,19345.099609375,19234.400390625,19322.55078125,226100,0.00695709243369369,0.006933003527425256
2023-07-04,19406.599609375,19434.150390625,19300.0,19389.0,226900,0.003438946519135566,0.0034330468644171055
2023-07-05,19405.94921875,19421.599609375,19339.599609375,19398.5,224400,0.0004899685388621844,0.0004898485434720244
2023-07-06,19385.69921875,19512.19921875,19373.0,19497.30078125,268300,0.00509321758125636,0.005080291021865595
2023-07-07,19422.80078125,19523.599609375,19303.599609375,19331.80078125,237100,-0.00848835445771845,-0.008524585713268293
2023-07-10,19400.349609375,19435.849609375,19327.099609375,19355.900390625,268200,0.0012466303397029588,0.0012458539412885826
2023-07-11,19427.099609375,19515.099609375,19406.44921875,19439.400390625,251300,0.004313930032438185,0.004304651710725516
2023-07-12,19497.44921875,19507.69921875,19361.75,19384.30078125,327900,-0.002834429471475497,-0.00283845407345589
2023-07-13,19495.19921875,19567.0,19385.80078125,19413.75,310400,0.0015192303855748879,0.0015180775225879406
2023-07-14,19493.44921875,19595.349609375,19433.5,19564.5,291200,0.007765114931427508,0.007735121594226721
2023-07-17,19612.150390625,19731.849609375,19562.94921875,19711.44921875,268700,0.007511013251041421,0.007482946045497489
2023-07-18,19787.5,19819.44921875,19690.19921875,19749.25,286400,0.001917706853032497,0.0019158704007220429
2023-07-19,19802.94921875,19851.69921875,19727.44921875,19833.150390625,259700,0.004248282371482448,0.00423928389630214
2023-07-20,19831.69921875,19991.849609375,19758.400390625,19979.150390625,274700,0.007361412439498949,0.007334449485705515
2023-07-21,19800.44921875,19887.400390625,19700.0,19745.0,312500,-0.011719737128305097,-0.011788954585924888
2023-07-24,19748.44921875,19782.75,19658.30078125,19672.349609375,265600,-0.0036794322929856182,-0.0036862180542648424
2023-07-25,19729.349609375,19729.349609375,19615.94921875,19680.599609375,369700,0.0004193703428323481,0.00041928243166748923
2023-07-26,19733.349609375,19825.599609375,19716.69921875,19778.30078125,244700,0.004964339187534694,0.0049520574860006375
2023-07-27,19850.900390625,19867.55078125,19603.55078125,19659.900390625,334900,-0.0059863783008722304,-0.006004368496797154
2023-07-28,19659.75,19695.900390625,19563.099609375,19646.05078125,258700,-0.0007044597937843067,-0.0007047080421790248
2023-07-31,19666.349609375,19772.75,19597.599609375,19753.80078125,295100,0.005484562836559181,0.005469577389253641
2023-08-01,19784.0,19795.599609375,19704.599609375,19733.55078125,298000,-0.0010251191770254131,-0.0010256449710540406
2023-08-02,19655.400390625,19678.25,19423.55078125,19526.55078125,290700,-0.010489749274959825,-0.010545154493387934
2023-08-03,19463.75,19537.650390625,19296.44921875,19381.650390625,315700,-0.007420685416911321,-0.007448355676119346
2023-08-04,19462.80078125,19538.849609375,19436.44921875,19517.0,280800,0.006983389270114548,0.006959118337332752
2023-08-07,19576.849609375,19620.44921875,19524.80078125,19597.30078125,216600,0.004114401867602702,0.004105960861445235
2023-08-08,19627.19921875,19634.400390625,19533.099609375,19570.849609375,260300,-0.0013497354646058168,-0.0013506471779916257
2023-08-09,19578.80078125,19645.5,19467.5,19632.55078125,266500,0.003152707884763739,0.0031477485221408875
2023-08-10,19605.55078125,19623.599609375,19495.400390625,19543.099609375,312200,-0.004556268458015711,-0.004566679886024027
2023-08-11,19554.25,19557.75,19412.75,19428.30078125,235500,-0.005874136161590715,-0.005891456761763215
2023-08-14,19383.94921875,19465.849609375,19257.900390625,19434.55078125,243900,0.00032169565781225984,0.0003216439248586792
2023-08-16,19369.0,19482.75,19317.19921875,19465.0,0,0.0015667570139761278,0.0015655309306883672
2023-08-17,19450.55078125,19461.55078125,19326.25,19365.25,268700,-0.005124582584125403,-0.005137758290060533
2023-08-18,19301.75,19373.80078125,19253.599609375,19310.150390625,256100,-0.0028452826260957353,-0.0028493381372506382
2023-08-21,19320.650390625,19425.94921875,19296.30078125,19393.599609375,262600,0.0043215209131937105,0.0043122099570484
2023-08-22,19417.099609375,19443.5,19381.30078125,19396.44921875,208700,0.00014693555773015454,0.00014692476375842436
2023-08-23,19439.19921875,19472.05078125,19366.599609375,19444.0,225200,0.0024515199000461063,0.0024485198272942723
2023-08-24,19535.150390625,19584.44921875,19369.0,19386.69921875,268300,-0.002946964680621278,-0.0029513155310064644
2023-08-25,19297.400390625,19339.55078125,19229.69921875,19265.80078125,466500,-0.006236153774081932,-0.0062556798015631025
2023-08-28,19298.349609375,19366.849609375,19249.69921875,19306.05078125,248200,0.002089194238900971,0.0020870149074536447
2023-08-29,19374.849609375,19377.900390625,19309.099609375,19342.650390625,307400,0.0018957584743610756,0.0018939637920959618
2023-08-30,19433.44921875,19452.80078125,19334.75,19347.44921875,233000,0.0002480956863764039,0.00024806491573087567
2023-08-31,19375.55078125,19388.19921875,19223.650390625,19253.80078125,562600,-0.004840350603388277,-0.004852103039648143
2023-09-01,19258.150390625,19458.55078125,19255.69921875,19435.30078125,333000,0.009426710188917609,0.009382556025202547
2023-09-04,19525.05078125,19545.150390625,19432.849609375,19528.80078125,296800,0.004810833701642592,0.004799298621963187
2023-09-05,19564.650390625,19587.05078125,19525.75,19574.900390625,256800,0.0023605960187407238,0.002357814188949651
2023-09-06,19581.19921875,19636.44921875,19491.5,19611.05078125,287600,0.0018467726478093027,0.0018450694598145603
2023-09-07,19598.650390625,19737.0,19550.05078125,19727.05078125,304900,0.005915032360780392,0.005897607236551244
2023-09-08,19774.80078125,19867.150390625,19727.05078125,19819.94921875,288100,0.004709190366575022,0.004698136818212182
2023-09-11,19890.0,20008.150390625,19865.349609375,19996.349609375,248800,0.008900143420050854,0.008860770587058942
2023-09-12,20110.150390625,20110.349609375,19914.650390625,19993.19921875,328100,-0.0001575482868895195,-0.00015756069892455075
2023-09-13,19989.5,20096.900390625,19944.099609375,20070.0,251400,0.003841345269944396,0.003833986143147051
2023-09-14,20127.94921875,20167.650390625,20043.44921875,20103.099609375,275100,0.001649208239910216,0.0016478497893743786
2023-09-15,20156.44921875,20222.44921875,20129.69921875,20192.349609375,438200,0.004439613877174287,0.004429787863222843
2023-09-18,20155.94921875,20195.349609375,20115.69921875,20133.30078125,264900,-0.002924316846098174,-0.0029286010148227575
2023-09-20,19980.75,20050.650390625,19878.849609375,19901.400390625,378100,-0.011518249945432046,-0.011585098803333688
2023-09-21,19840.55078125,19848.75,19709.94921875,19742.349609375,275100,-0.007991939166498319,-0.00802404589005525
2023-09-22,19744.849609375,19798.650390625,19657.5,19674.25,246400,-0.003449417659114995,-0.0034553806166447805
2023-09-25,19678.19921875,19734.150390625,19601.55078125,19674.55078125,188400,1.5288066889551644e-05,1.5287950028248088e-05
2023-09-26,19682.80078125,19699.349609375,19637.44921875,19664.69921875,204900,-0.0005007261720755274,-0.0005008515772894238
2023-09-27,19637.05078125,19730.69921875,19554.0,19716.44921875,203600,0.002631619198663282,0.002628162551917123
2023-09-28,19761.80078125,19766.650390625,19492.099609375,19523.55078125,352800,-0.009783629666773708,-0.009831803841213342
2023-09-29,19581.19921875,19726.25,19551.05078125,19638.30078125,243500,0.005877516917168757,0.005860311697675281
2023-10-03,19622.400390625,19623.19921875,19479.650390625,19528.75,221700,-0.005578424654468894,-0.005594042173129665
2023-10-04,19446.30078125,19457.80078125,19333.599609375,19436.099609375,277100,-0.004744307271330683,-0.004755597219883326
2023-10-05,19521.849609375,19576.94921875,19487.30078125,19545.75,234900,0.005641584105285702,0.005625729970019748
2023-10-06,19621.19921875,19675.75,19589.400390625,19653.5,159100,0.0055127073660514725,0.005497568008546022
2023-10-09,19539.44921875,19588.94921875,19480.5,19512.349609375,165100,-0.00718194675884698,-0.007207861089913015
2023-10-10,19565.599609375,19717.80078125,19565.44921875,19689.849609375,216600,0.00909680297624016,0.0090556762901256
2023-10-11,19767.0,19839.19921875,19756.94921875,19811.349609375,213700,0.006170692128707245,0.00615173136873013
2023-10-12,19822.69921875,19843.30078125,19772.650390625,19794.0,217900,-0.0008757409120068171,-0.0008761245971014768
2023-10-13,19654.55078125,19805.400390625,19635.30078125,19751.05078125,255000,-0.0021698099802970328,-0.002172167428733089
2023-10-16,19737.25,19781.30078125,19691.849609375,19731.75,181000,-0.0009772027556287366,-0.0009776805295215437
2023-10-17,19843.19921875,19849.75,19775.650390625,19811.5,185800,0.004041709427698992,0.004033563661320618
2023-10-18,19820.44921875,19840.94921875,19659.94921875,19671.099609375,198900,-0.007086812741337156,-0.007112043473065063
2023-10-19,19545.19921875,19681.80078125,19512.349609375,19624.69921875,230300,-0.0023588102112444,-0.002361596586600212
2023-10-20,19542.150390625,19593.80078125,19518.69921875,19542.650390625,198300,-0.004180896084593599,-0.004189660467809165
2023-10-23,19521.599609375,19556.849609375,19257.849609375,19281.75,176000,-0.013350307425555652,-0.01344022395196905
2023-10-25,19286.44921875,19347.30078125,19074.150390625,19122.150390625,225300,-0.008277236732921023,-0.008311683270009834
2023-10-26,19027.25,19041.69921875,18837.849609375,18857.25,300400,-0.013853064912347501,-0.013949914095014037
2023-10-27,18928.75,19076.150390625,18926.650390625,19047.25,205200,0.010075700327460302,0.010025278863763394
2023-10-30,19053.400390625,19158.5,18940.0,19140.900390625,180100,0.004916740769664862,0.004904693073893485
2023-10-31,19232.94921875,19233.69921875,19056.44921875,19079.599609375,206000,-0.0032026069828995363,-0.003207746304394414
2023-11-01,19064.05078125,19096.05078125,18973.69921875,18989.150390625,194100,-0.004740624572936891,-0.004751896973195711
2023-11-02,19120.0,19175.25,19064.150390625,19133.25,245600,0.007588523257266999,0.007559875254064636
2023-11-03,19241.0,19276.25,19210.900390625,19230.599609375,189500,0.005087980838331285,0.005075080802081226
2023-11-06,19345.849609375,19423.0,19309.69921875,19411.75,180700,0.00941990339899168,0.009375812778954773
2023-11-07,19404.05078125,19423.5,19329.099609375,19406.69921875,198700,-0.000260191958478706,-0.0002602258142791332
2023-11-08,19449.599609375,19464.400390625,19401.5,19443.5,195000,0.0018962926582819506,0.0018944969651071763
2023-11-09,19457.400390625,19463.900390625,19378.349609375,19395.30078125,208400,-0.002478937369815082,-0.0024820150223140987
2023-11-10,19351.849609375,19451.30078125,19329.44921875,19425.349609375,152200,0.001549283945833313,0.0015480850435944918
2023-11-13,19486.75,19494.400390625,19414.75,19443.55078125,189300,0.0009369804014345284,0.0009365417093074231
2023-11-15,19651.400390625,19693.19921875,19579.650390625,19675.44921875,291500,0.011926753508604282,0.011856190289938534
2023-11-16,19674.69921875,19875.25,19627.0,19765.19921875,282700,0.004561522280999375,0.004551150068331243
2023-11-17,19674.75,19806.0,19667.44921875,19731.80078125,236800,-0.0016897597201204206,-0.0016911889743673853
2023-11-20,19731.150390625,19756.44921875,19670.5,19694.0,173800,-0.0019157289123818977,-0.0019175662679732529
2023-11-21,19770.900390625,19829.099609375,19754.05078125,19783.400390625,195000,0.0045394734754240496,0.004529201141300913
2023-11-22,19784.0,19825.55078125,19703.849609375,19811.849609375,184500,0.0014380348265852216,0.0014370018446946907
2023-11-23,19828.44921875,19875.150390625,19786.75,19802.0,170000,-0.0004971574875239915,-0.0004972811112830416
2023-11-24,19809.599609375,19832.849609375,19768.849609375,19794.69921875,145900,-0.00036868908443588033,-0.0003687570669664962
2023-11-28,19844.650390625,19916.849609375,19800.0,19889.69921875,229600,0.004799264638990497,0.004787784883390938
2023-11-29,19976.55078125,20104.650390625,19956.30078125,20096.599609375,236200,0.010402389113554511,0.010348656573869122
2023-11-30,20108.5,20158.69921875,20015.849609375,20133.150390625,486600,0.0018187545137213768,0.0018171025823992028
2023-12-01,20194.099609375,20291.55078125,20183.69921875,20267.900390625,265800,0.0066929416105065975,0.00667064331563437
2023-12-04,20601.94921875,20702.650390625,20507.75,20686.80078125,381100,0.020668169003769332,0.020457480483773903
2023-12-05,20808.900390625,20864.05078125,20711.150390625,20855.099609375,421000,0.008135565760247543,0.008102650447744338
2023-12-06,20950.75,20961.94921875,20852.150390625,20937.69921875,359200,0.003960643244200535,0.003952820545223537
2023-12-07,20932.400390625,20941.25,20850.80078125,20901.150390625,275000,-0.0017455990623970186,-0.0017471243957791426
2023-12-08,20934.099609375,21006.099609375,20862.69921875,20969.400390625,292400,0.003265370504707432,0.0032600507599202964
2023-12-11,20965.30078125,21026.099609375,20923.69921875,20997.099609375,212900,0.001320935183362959,0.001320063516009915
2023-12-12,21018.55078125,21037.900390625,20867.150390625,20906.400390625,244900,-0.004319607014175553,-0.004328963470418101
2023-12-13,20929.75,20950.0,20769.5,20926.349609375,260300,0.0009542158562574343,0.0009537608817135473
2023-12-14,21110.400390625,21210.900390625,21074.44921875,21182.69921875,334400,0.012250087289956912,0.012175662163725103
2023-12-15,21287.44921875,21492.30078125,21235.30078125,21456.650390625,508800,0.012932779200891975,0.012849864921501506
2023-12-18,21434.80078125,21482.80078125,21365.349609375,21418.650390625,249700,-0.0017710126840955187,-0.0017725827811074615
2023-12-19,21477.650390625,21505.05078125,21337.75,21453.099609375,249800,0.0016083748565725031,0.001607082806947435
2023-12-20,21543.5,21593.0,21087.349609375,21150.150390625,363900,-0.01412146609423337,-0.014222122733049722
2023-12-21,21033.94921875,21288.349609375,20976.80078125,21255.05078125,277500,0.004959794076523361,0.004947534816775346
2023-12-22,21295.849609375,21390.5,21232.44921875,21349.400390625,284700,0.004438926556610712,0.004429103580375731
2023-12-26,21365.19921875,21477.150390625,21329.44921875,21441.349609375,219500,0.004306875934107168,0.004297627887901326
2023-12-27,21497.650390625,21675.75,21495.80078125,21654.75,256500,0.0099527499207277,0.009903547502138933
2023-12-28,21715.0,21801.44921875,21678.0,21778.69921875,393100,0.005723881307796219,0.0057075621422148105
2023-12-29,21737.650390625,21770.30078125,21676.900390625,21731.400390625,270900,-0.0021717930740454694,-0.0021741548367498844
2024-01-01,21727.75,21834.349609375,21680.849609375,21741.900390625,154000,0.00048317180721269004,0.0004830551173010514
2024-01-02,21751.349609375,21755.599609375,21555.650390625,21665.80078125,263700,-0.003500136051024061,-0.0035062758581720864
2024-01-03,21661.099609375,21677.0,21500.349609375,21517.349609375,311900,-0.00685186637566948,-0.006875448193459907
2024-01-04,21605.80078125,21685.650390625,21564.55078125,21658.599609375,339200,0.006564470186349425,0.006543017882762483
2024-01-05,21705.75,21749.599609375,21629.19921875,21710.80078125,309300,0.002410182228605562,0.0024072823978970102
2024-01-08,21747.599609375,21763.94921875,21492.900390625,21513.0,231500,-0.00911070868564301,-0.009152465005292239
2024-01-09,21653.599609375,21724.44921875,21517.849609375,21544.849609375,228600,0.0014804820050666745,0.001479387172036867
2024-01-10,21529.30078125,21641.849609375,21448.650390625,21618.69921875,217000,0.0034277152411805734,0.003421854015216792
2024-01-11,21688.0,21726.5,21593.75,21647.19921875,212500,0.0013183031833516878,0.001317434984659037
2024-01-12,21773.55078125,21928.25,21715.150390625,21894.55078125,294700,0.011426492637705898,0.011361703346499745
2024-01-15,22053.150390625,22115.55078125,21963.55078125,22097.44921875,345500,0.009267074694848665,0.009224398809286917
2024-01-16,22080.5,22124.150390625,21969.80078125,22032.30078125,292400,-0.0029482333845447517,-0.002952587985615914
2024-01-17,21647.25,21851.5,21550.44921875,21571.94921875,456000,-0.020894393512082443,-0.021115770473744744
2024-01-18,21414.19921875,21539.400390625,21285.55078125,21462.25,387300,-0.0050852715087356115,-0.0050982455047793645
2024-01-19,21615.19921875,21670.599609375,21575.0,21622.400390625,343100,0.00746195718645537,0.007434254509367264
2024-01-23,21716.69921875,21750.25,21192.599609375,21238.80078125,449700,-0.01774084294273448,-0.017900098054810153
2024-01-24,21185.25,21482.349609375,21137.19921875,21453.94921875,407500,0.010129971071150878,0.010079006802925212
2024-01-25,21454.599609375,21459.0,21247.05078125,21352.599609375,418100,-0.004724053755400193,-0.004735247364061254
2024-01-29,21433.099609375,21763.25,21429.599609375,21737.599609375,376700,0.018030591452244726,0.01786996821930258
2024-01-30,21775.75,21813.05078125,21501.80078125,21522.099609375,375100,-0.009913698102483215,-0.009963166019046519
2024-01-31,21487.25,21741.349609375,21448.849609375,21725.69921875,410600,0.009460025419002926,0.009415559590485083
2024-02-01,21780.650390625,21832.94921875,21658.75,21697.44921875,332500,-0.0013003033741542103,-0.00130114950214822
2024-02-02,21812.75,22126.80078125,21805.55078125,21853.80078125,442800,0.007205988175093214,0.007180149098767169
2024-02-05,21921.05078125,21964.30078125,21726.94921875,21771.69921875,440800,-0.0037568550808078083,-0.0037639297855089193
2024-02-06,21825.19921875,21951.400390625,21737.55078125,21929.400390625,371000,0.007243402101531293,0.007217294659854949
2024-02-07,22045.05078125,22053.30078125,21860.150390625,21930.5,346300,5.014315737827957e-05,5.014190025218764e-05
2024-02-08,22009.650390625,22011.05078125,21665.30078125,21717.94921875,491100,-0.009692017110872975,-0.009739290405751649
2024-02-09,21727.0,21804.44921875,21629.900390625,21782.5,349200,0.0029722318898448563,0.0029678235415700974
2024-02-12,21800.80078125,21831.69921875,21574.75,21616.05078125,287400,-0.0076414194307357075,-0.007670764664605448
2024-02-13,21664.30078125,21766.80078125,21543.349609375,21743.25,365800,0.005884480011507653,0.005867234081485647
2024-02-14,21578.150390625,21870.849609375,21530.19921875,21840.05078125,359100,0.004451992284961959,0.004442111482625561
2024-02-15,21906.55078125,21953.849609375,21794.80078125,21910.75,345400,0.0032371361888359207,0.003231907943473083
2024-02-16,22020.30078125,22068.650390625,21968.94921875,22040.69921875,343900,0.005930843022260657,0.005913324803860001
2024-02-19,22103.44921875,22186.650390625,22021.05078125,22122.25,0,0.0037000088082788096,0.0036931806134258504
2024-02-20,22099.19921875,22215.599609375,22045.849609375,22196.94921875,295700,0.0033766555730090353,0.003370967472487328
2024-02-21,22248.849609375,22249.400390625,21997.94921875,22055.05078125,364500,-0.006392700010330099,-0.006413220819374543
2024-02-22,22081.55078125,22252.5,21875.25,22217.44921875,343500,0.0073633218581414805,0.007336344949249518
2024-02-23,22290.0,22297.5,22186.099609375,22212.69921875,226000,-0.0002137959201901074,-0.000213818777795819
2024-02-26,22169.19921875,22202.150390625,22075.150390625,22122.05078125,207800,-0.004080928508836235,-0.004089278221713085
2024-02-27,22090.19921875,22218.25,22085.650390625,22198.349609375,252200,0.003448994348646428,0.003443060208267885
2024-02-28,22214.099609375,22229.150390625,21915.849609375,21951.150390625,203000,-0.011135927809948543,-0.011198396451173726
2024-02-29,21935.19921875,22060.55078125,21860.650390625,21982.80078125,360200,0.0014418556686905948,0.0014408171929075416
2024-03-01,22048.30078125,22353.30078125,22047.75,22338.75,351500,0.016192168700068565,0.0160624736924449
2024-03-04,22403.5,22440.900390625,22358.30078125,22405.599609375,298800,0.0029925402887358565,0.0029880715530739466
2024-03-05,22371.25,22416.900390625,22269.150390625,22356.30078125,296200,-0.00220029050703785,-0.0022027147028049303
2024-03-06,22327.5,22497.19921875,22224.349609375,22474.05078125,312300,0.005266971542034149,0.0052531495595052715
2024-03-07,22505.30078125,22525.650390625,22430.0,22493.55078125,379900,0.0008676673462120199,0.0008672911404987264
2024-03-11,22517.5,22526.599609375,22307.25,22332.650390625,277900,-0.007153178801771132,-0.007178885448103384
2024-03-12,22334.44921875,22452.55078125,22256.0,22335.69921875,299200,0.0001365188668460693,0.00013650954899359894
2024-03-13,22432.19921875,22446.75,21905.650390625,21997.69921875,493300,-0.015132725270416536,-0.015248393356596964
2024-03-14,21982.55078125,22204.599609375,21917.5,22146.650390625,426700,0.006771215952804832,0.006748394232673185
2024-03-15,22064.849609375,22120.900390625,21931.69921875,22023.349609375,661500,-0.005567468627318717,-0.005583024746448362
2024-03-18,21990.099609375,22123.69921875,21916.55078125,22055.69921875,356300,0.0014688778023679294,0.001467800056624233
2024-03-19,21946.44921875,21978.30078125,21793.099609375,21817.44921875,344200,-0.010802196640288697,-0.010860963960358783
2024-03-20,21843.900390625,21930.900390625,21710.19921875,21839.099609375,312400,0.0009923428906801757,0.0009918508439663014
2024-03-21,21989.900390625,22080.94921875,21941.30078125,22011.94921875,353200,0.0079146856998078,0.007883528864675105
2024-03-22,21932.19921875,22180.69921875,21883.30078125,22096.75,388700,0.0038524885010076115,0.0038450866714008036
2024-03-26,21947.900390625,22073.19921875,21947.55078125,22004.69921875,328400,-0.00416580634029895,-0.004174507484794188
2024-03-27,22053.94921875,22193.599609375,22052.849609375,22123.650390625,409100,0.005405716783151604,0.005391158338500764
2024-03-28,22163.599609375,22516.0,22163.599609375,22326.900390625,410500,0.009187001078543977,0.009145057280234776
2024-04-01,22455.0,22529.94921875,22427.75,22462.0,0,0.006050979178091831,0.006032745520934439
2024-04-02,22458.80078125,22497.599609375,22388.150390625,22453.30078125,289500,-0.0003872860275131451,-0.00038736104211539534
2024-04-03,22385.69921875,22521.099609375,22346.5,22434.650390625,309600,-0.0008306302403686683,-0.0008309754048160305
2024-04-04,22592.099609375,22619.0,22303.80078125,22514.650390625,401000,0.003565912488363576,0.0035595696965144527
2024-04-05,22486.400390625,22537.599609375,22427.599609375,22513.69921875,242200,-4.224679746289706e-05,-4.22476898839797e-05
2024-04-08,22578.349609375,22697.30078125,22550.349609375,22666.30078125,227600,0.006778164752814453,0.006755296273493474
2024-04-09,22765.099609375,22768.400390625,22612.25,22642.75,232400,-0.0010390218270411866,-0.0010395619844089984
2024-04-10,22720.25,22775.69921875,22673.69921875,22753.80078125,276800,0.0049044741142307835,0.004892486360835239
2024-04-12,22677.400390625,22726.44921875,22503.75,22519.400390625,357200,-0.010301592814249916,-0.01035502147176367
2024-04-15,22339.05078125,22427.44921875,22259.55078125,22272.5,355500,-0.010963897188301042,-0.011024443666037696
2024-04-16,22125.30078125,22213.75,22079.44921875,22147.900390625,317300,-0.005594325260972033,-0.005610032105390299
2024-04-18,22212.349609375,22326.5,21961.69921875,21995.849609375,456900,-0.0068652458503182245,-0.006888920065700564
2024-04-19,21861.5,22179.55078125,21777.650390625,22147.0,362500,0.0068717686886063944,0.006848265696137249
2024-04-22,22336.900390625,22375.650390625,22198.150390625,22336.400390625,279300,0.008551965982977361,0.008515605079627573
2024-04-23,22447.05078125,22447.55078125,22349.44921875,22368.0,231500,0.0014147135985376202,0.0014137138340638612
2024-04-24,22421.55078125,22476.44921875,22384.0,22402.400390625,235900,0.0015379287654238016,0.001536747364098986
2024-04-25,22316.900390625,22625.94921875,22305.25,22570.349609375,475000,0.0074969296067168845,0.007468967297299811
2024-04-26,22620.400390625,22620.400390625,22385.55078125,22419.94921875,329900,-0.006663626980883297,-0.006685928069119567
2024-04-29,22475.55078125,22655.80078125,22441.900390625,22643.400390625,292000,0.00996662256880243,0.009917283345523465
2024-04-30,22679.650390625,22783.349609375,22568.400390625,22604.849609375,361900,-0.00170251731563964,-0.0017039682453004383
2024-05-02,22567.849609375,22710.5,22567.849609375,22648.19921875,445900,0.0019177127972140884,0.0019158763335262374
2024-05-03,22766.349609375,22794.69921875,22348.05078125,22475.849609375,438100,-0.007609859296553445,-0.0076389620148829334
2024-05-06,22561.599609375,22588.80078125,22409.44921875,22442.69921875,320300,-0.0014749338156797576,-0.0014760226012829026
2024-05-07,22489.75,22499.05078125,22232.05078125,22302.5,297800,-0.006246985595782073,-0.0062665796554610105
2024-05-08,22231.19921875,22368.650390625,22185.19921875,22302.5,277400,0.0,0.0
2024-05-09,22224.80078125,22307.75,21932.400390625,21957.5,331300,-0.01546911781190452,-0.015590012996666094
2024-05-10,21990.94921875,22131.30078125,21950.30078125,22055.19921875,265800,0.0044494691449390444,0.004439599522660019
2024-05-13,22027.94921875,22131.650390625,21821.05078125,22104.05078125,278200,0.0022149680905385605,0.002212518664983643
2024-05-14,22112.900390625,22270.05078125,22081.25,22217.849609375,230200,0.005148324587705533,0.005135117275633606
2024-05-15,22255.599609375,22297.55078125,22151.75,22200.55078125,231900,-0.0007786004689536163,-0.0007789037357247285
2024-05-16,22319.19921875,22432.25,22054.55078125,22403.849609375,368900,0.009157377676264788,0.00911570311987133
2024-05-17,22415.25,22502.150390625,22345.650390625,22466.099609375,242700,0.0027785403439750667,0.0027746873362616406
2024-05-21,22404.55078125,22591.099609375,22404.55078125,22529.05078125,347600,0.002802051667603722,0.002798133238882937
2024-05-22,22576.599609375,22629.5,22483.150390625,22597.80078125,290300,0.0030516154749500313,0.0030469687473969323
2024-05-23,22614.099609375,22993.599609375,22577.44921875,22967.650390625,369800,0.01636661960848307,0.01623413013834582
2024-05-24,22930.75,23026.400390625,22908.0,22957.099609375,261900,-0.0004593757337192361,-0.00045948127907615604
2024-05-27,23038.94921875,23110.80078125,22871.19921875,22932.44921875,260000,-0.0010737589261899938,-0.0010743358183047916
2024-05-28,22977.150390625,22998.55078125,22858.5,22888.150390625,217900,-0.0019317094176221072,-0.00193357757447097
2024-05-29,22762.75,22825.5,22685.44921875,22704.69921875,269900,-0.008015115627261094,-0.0080474093408375
2024-05-30,22617.44921875,22705.75,22417.0,22488.650390625,373400,-0.009515599658179275,-0.00956116224385675
2024-05-31,22568.099609375,22653.75,22465.099609375,22530.69921875,572100,0.0018697799732139142,0.0018680341105537352
2024-06-03,23337.900390625,23338.69921875,23062.30078125,23263.900390625,569400,0.03254231769535276,0.03202403067452011
2024-06-04,23179.5,23179.5,21281.44921875,21884.5,1006100,-0.05929359941641077,-0.06112419596275757
2024-06-05,22128.349609375,22670.400390625,21791.94921875,22620.349609375,638500,0.033624236760035675,0.03307130264902321
2024-06-06,22798.599609375,22910.150390625,22642.599609375,22821.400390625,480400,0.008888049244237806,0.008848783029735371
2024-06-07,22821.849609375,23320.19921875,22789.05078125,23290.150390625,473600,0.020539931466807104,0.02033183181806326
2024-06-10,23319.150390625,23411.900390625,23227.150390625,23259.19921875,304400,-0.0013289382574128705,-0.0013298220789751808
2024-06-11,23283.75,23389.44921875,23206.650390625,23264.849609375,305200,0.0002429314342191624,0.00024290193115634738
2024-06-12,23344.44921875,23441.94921875,23295.94921875,23322.94921875,295600,0.002497312914139238,0.002494199810096445
2024-06-13,23480.94921875,23481.05078125,23353.900390625,23398.900390625,268300,0.0032564994745150067,0.0032512085635553246
2024-06-14,23464.94921875,23490.400390625,23334.25,23465.599609375,223100,0.0028505279152657437,0.0028464728647632507
2024-06-18,23570.80078125,23579.05078125,23499.69921875,23557.900390625,272200,0.003933450786960613,0.0039257349959185015
2024-06-19,23629.849609375,23664.0,23412.900390625,23516.0,328800,-0.0017786131162043084,-0.0017801967265448713
2024-06-20,23586.150390625,23624.0,23442.599609375,23567.0,280300,0.0021687361796223215,0.0021663878659495613
2024-06-21,23661.150390625,23667.099609375,23398.19921875,23501.099609375,609900,-0.00279629951309035,-0.0028002164622532473
2024-06-24,23382.30078125,23558.099609375,23350.0,23537.849609375,239400,0.00156375661610908,0.0015625352218749532
2024-06-25,23577.099609375,23754.150390625,23562.05078125,23721.30078125,298100,0.007793879853915442,0.007763664467508334
2024-06-26,23723.099609375,23889.900390625,23670.44921875,23868.80078125,287800,0.006218040121837909,0.006198787876631016
2024-06-27,23881.55078125,24087.44921875,23805.400390625,24044.5,515200,0.007361040898544724,0.007334080659762657
2024-06-28,24085.900390625,24174.0,23985.80078125,24010.599609375,354800,-0.0014099020825968367,-0.0014108969297394127
2024-07-01,23992.94921875,24164.0,23992.69921875,24141.94921875,0,0.005470484349075377,0.00545557559691747
2024-07-02,24228.75,24236.349609375,24056.400390625,24123.849609375,0,-0.0007497161563467802,-0.0007499973340487516
2024-07-03,24291.75,24309.150390625,24207.099609375,24286.5,0,0.006742306607722792,0.006719678910168409
2024-07-04,24369.94921875,24401.0,24281.0,24302.150390625,251200,0.0006444070008029268,0.0006441994597673961
2024-07-05,24213.349609375,24363.0,24168.849609375,24323.849609375,298400,0.0008928929498506211,0.0008924945580705119
2024-07-08,24329.44921875,24344.599609375,24240.55078125,24320.55078125,266300,-0.00013562113637344275,-0.0001356303337513403
2024-07-09,24351.0,24443.599609375,24331.900390625,24433.19921875,250500,0.004631820986013446,0.00462112711188291
2024-07-10,24459.849609375,24461.05078125,24141.80078125,24324.44921875,292300,-0.004450911197766749,-0.004460845993233708
2024-07-11,24396.55078125,24402.650390625,24193.75,24315.94921875,306400,-0.0003494426502141934,-0.0003495037195243165
2024-07-12,24387.94921875,24592.19921875,24331.150390625,24502.150390625,325800,0.007657573644356042,0.007628403248955412
2024-07-15,24587.599609375,24635.05078125,24522.75,24586.69921875,305400,0.003450669707641296,0.0034447298074261035
2024-07-16,24615.900390625,24661.25,24587.650390625,24613.0,283200,0.0010697158254551198,0.0010691440871768358
2024-07-18,24543.80078125,24837.75,24504.44921875,24800.849609375,350900,0.007632129743428306,0.007603152387120198
2024-07-19,24853.80078125,24854.80078125,24508.150390625,24530.900390625,343800,-0.010884676251089243,-0.010944347737899481
2024-07-22,24445.75,24595.19921875,24362.30078125,24509.25,324200,-0.0008825762723847497,-0.0008829659721330775
2024-07-23,24568.900390625,24582.55078125,24074.19921875,24479.05078125,436400,-0.0012321559717249908,-0.0012329157000276177
2024-07-24,24444.94921875,24504.25,24307.25,24413.5,366600,-0.002677831825905974,-0.00268142363114976
2024-07-25,24230.94921875,24426.150390625,24210.80078125,24406.099609375,391800,-0.0003031269840456652,-0.0003031729363163769
2024-07-26,24423.349609375,24861.150390625,24410.900390625,24834.849609375,383800,0.01756732976027453,0.01741480789992859
2024-07-29,24943.30078125,24999.75,24774.599609375,24836.099609375,355000,5.03324972633834e-05,5.0331230625744864e-05
2024-07-30,24839.400390625,24971.75,24798.650390625,24857.30078125,385000,0.0008536433743000504,0.0008532792280141148
2024-07-31,24886.69921875,24984.599609375,24856.5,24951.150390625,333600,0.00377553501085659,0.0037684255675633532
2024-08-01,25030.94921875,25078.30078125,24956.400390625,25010.900390625,431300,0.0023946791656728195,0.002391816490734086
2024-08-02,24789.0,24851.900390625,24686.849609375,24717.69921875,345000,-0.011722935491954689,-0.011792190883304469
2024-08-05,24302.849609375,24350.05078125,23893.69921875,24055.599609375,487000,-0.02678645789462286,-0.02715175314145156
2024-08-06,24189.849609375,24382.599609375,23960.400390625,23992.55078125,312300,-0.0026209626510589334,-0.0026244033870099497
2024-08-07,24289.400390625,24337.69921875,24184.900390625,24297.5,317600,0.012710162480444431,0.012630066341245293
2024-08-08,24248.55078125,24340.5,24079.69921875,24117.0,311900,-0.007428747813561065,-0.007456478381555143
2024-08-09,24386.849609375,24419.75,24311.19921875,24367.5,215100,0.010386864037815746,0.010333291215294636
2024-08-12,24320.05078125,24472.80078125,24212.099609375,24347.0,279900,-0.0008412844977941925,-0.0008416385761983504
2024-08-13,24342.349609375,24359.94921875,24116.5,24139.0,239700,-0.008543146999630324,-0.00857984886239657
2024-08-14,24184.400390625,24196.5,24099.69921875,24143.75,303300,0.00019677699987563635,0.0001967576418212346
2024-08-16,24334.849609375,24563.900390625,24204.5,24541.150390625,271600,0.016459762490292462,0.016325768935141063
2024-08-19,24636.349609375,24638.80078125,24522.94921875,24572.650390625,243600,0.0012835584110202358,0.0012827353541420893
2024-08-20,24648.900390625,24734.30078125,24607.19921875,24698.849609375,238300,0.005135759339910173,0.0051226163083365125
2024-08-21,24680.55078125,24787.94921875,24654.5,24770.19921875,257100,0.0028887826964991703,0.0028846181820890576
2024-08-22,24863.400390625,24867.349609375,24784.44921875,24811.5,220300,0.001667357653657442,0.0016659691560852782
2024-08-23,24845.400390625,24858.400390625,24771.650390625,24823.150390625,206800,0.00046955607782672715,0.0004694458708691634
2024-08-26,24906.099609375,25043.80078125,24874.69921875,25010.599609375,210300,0.007551387144671073,0.007523018148105455
2024-08-27,25024.80078125,25073.099609375,24973.650390625,25017.75,223300,0.0002858944102370753,0.0002858535502177548
2024-08-28,25030.80078125,25129.599609375,24964.650390625,25052.349609375,220400,0.0013830024432652799,0.0013820469762269526
2024-08-29,25035.30078125,25192.900390625,24998.5,25151.94921875,354000,0.00397565940632294,0.003967777356455909
2024-08-30,25249.69921875,25268.349609375,25199.400390625,25235.900390625,638200,0.003337760073577778,0.003332202116407902
2024-09-02,25333.599609375,25333.650390625,25235.5,25278.69921875,222800,0.001695950113232314,0.0016945136137639853
2024-09-03,25313.400390625,25321.69921875,25235.80078125,25279.849609375,212100,4.550829989491412e-05,4.550726442364936e-05
2024-09-04,25089.94921875,25216.0,25083.80078125,25198.69921875,253800,-0.0032100820170585243,-0.003215245383183467
2024-09-05,25250.5,25275.44921875,25127.75,25145.099609375,222200,-0.0021270784221717465,-0.0021293438665674616
2024-09-06,25093.69921875,25168.75,24801.30078125,24852.150390625,311700,-0.011650350298901935,-0.011718747382249265
2024-09-09,24823.400390625,24957.5,24753.150390625,24936.400390625,254400,0.003390048695012693,0.003384315433638339
2024-09-10,24999.400390625,25130.5,24896.80078125,25041.099609375,251300,0.0041986500501236534,0.0041898603137641086
2024-09-11,25034.0,25113.69921875,24885.150390625,24918.44921875,279200,-0.004897963449619458,-0.004909997784499106
2024-09-12,25059.650390625,25433.349609375,24941.44921875,25388.900390625,380100,0.01887963282727112,0.018703624424743968
2024-09-13,25430.44921875,25430.5,25292.44921875,25356.5,250800,-0.0012761636040355961,-0.0012769785942554214
2024-09-16,25406.650390625,25445.69921875,25336.19921875,25383.75,168700,0.0010746751326089488,0.0010740980826790941
2024-09-17,25416.900390625,25441.650390625,25352.25,25418.55078125,216000,0.0013709866056039743,0.0013700476615561017
2024-09-18,25402.400390625,25482.19921875,25285.55078125,25377.55078125,215700,-0.0016129951842196455,-0.0016142974615182065
2024-09-19,25487.05078125,25611.94921875,25376.05078125,25415.80078125,314500,0.0015072376499098983,0.0015061029073179838
2024-09-20,25525.94921875,25849.25,25426.599609375,25790.94921875,533100,0.014760441377741573,0.014652566289984728
2024-09-23,25872.55078125,25956.0,25847.349609375,25939.05078125,209200,0.005742385099666292,0.005725960454112572
2024-09-24,25921.44921875,26011.55078125,25886.849609375,25940.400390625,384100,5.2030021699067674e-05,5.20286681844374e-05
2024-09-25,25899.44921875,26032.80078125,25871.349609375,26004.150390625,278500,0.0024575565157058943,0.0024545416621303915
2024-09-26,26005.400390625,26250.900390625,25998.400390625,26216.05078125,370900,0.008148714241454025,0.008115692736807522
2024-09-27,26248.25,26277.349609375,26151.400390625,26178.94921875,490300,-0.0014152231703233875,-0.0014162255444679923
2024-09-30,26061.30078125,26134.69921875,25794.099609375,25810.849609375,343100,-0.014060900852023384,-0.014160691857076434
2024-10-01,25788.44921875,25907.599609375,25739.19921875,25796.900390625,247400,-0.0005404401234794243,-0.0005405862138807384
2024-10-03,25452.849609375,25639.44921875,25230.30078125,25250.099609375,423400,-0.021196375260987388,-0.02142424417261006
2024-10-04,25181.900390625,25485.05078125,24966.80078125,25014.599609375,374900,-0.009326695880144675,-0.009370461848646757
2024-10-07,25084.099609375,25143.0,24694.349609375,24795.75,374300,-0.008748875168602677,-0.008787371273170997
2024-10-08,24832.19921875,25044.0,24756.80078125,25013.150390625,333200,0.00876764730346924,0.008729434677965052
2024-10-09,25065.80078125,25234.05078125,24947.69921875,24981.94921875,290600,-0.0012473907279866303,-0.0012481693673798233
2024-10-10,25067.05078125,25134.05078125,24979.400390625,24998.44921875,261400,0.0006604768849507447,0.0006602588660852999
2024-10-11,24985.30078125,25028.650390625,24920.05078125,24964.25,210500,-0.0013680536120755926,-0.0013689902517646816
2024-10-14,25023.44921875,25159.75,25017.5,25127.94921875,206400,0.006557345754428789,0.006535939888908111
2024-10-15,25186.30078125,25212.05078125,25008.150390625,25057.349609375,257200,-0.0028096049048969007,-0.0028135592532655376
2024-10-16,25008.55078125,25093.400390625,24908.44921875,24971.30078125,226800,-0.0034340754096676696,-0.003439985380697183
2024-10-17,25027.400390625,25029.5,24728.900390625,24749.849609375,252800,-0.008868227322834543,-0.008907784090014885
2024-10-18,24664.94921875,24886.19921875,24567.650390625,24854.05078125,290900,0.004210173941240125,0.004201335956550517
2024-10-21,24956.150390625,24978.30078125,24679.599609375,24781.099609375,242000,-0.00293518237799828,-0.002939498473548445
2024-10-22,24798.650390625,24882.0,24445.80078125,24472.099609375,279500,-0.012469180337869368,-0.012547572909439223
2024-10-23,24378.150390625,24604.25,24378.099609375,24435.5,284600,-0.001495564743491773,-0.0014966842167451323
2024-10-24,24412.69921875,24480.650390625,24341.19921875,24399.400390625,216700,-0.0014773427748562273,-0.0014784351216731097
2024-10-25,24418.05078125,24440.25,24073.900390625,24180.80078125,372600,-0.008959220549493163,-0.00899959570008371
2024-10-28,24251.099609375,24492.599609375,24134.900390625,24339.150390625,278600,0.0065485676346082045,0.006527218917237164
2024-10-29,24328.849609375,24484.5,24140.849609375,24466.849609375,332000,0.0052466588480091225,0.0052329430871703615
2024-10-30,24371.44921875,24498.19921875,24307.30078125,24340.849609375,285200,-0.005149825253829232,-0.00516313130612327
2024-10-31,24349.849609375,24372.44921875,24172.599609375,24205.349609375,287000,-0.005566773640794054,-0.00558232586918934
2024-11-01,24302.75,24368.25,24280.19921875,24304.349609375,38800,0.004090004961616156,0.004081663627652918
2024-11-04,24315.75,24316.75,23816.150390625,23995.349609375,285500,-0.0127137736646451,-0.012795285302364113
2024-11-05,23916.5,24229.05078125,23842.75,24213.30078125,289500,0.00908305881860727,0.009042055940529129
2024-11-06,24308.75,24537.599609375,24204.05078125,24484.05078125,351100,0.011181870759630508,0.011119815807918394
2024-11-07,24489.599609375,24503.349609375,24179.05078125,24199.349609375,322200,-0.011628025706147627,-0.011696159889418445
2024-11-08,24207.69921875,24276.150390625,24066.650390625,24148.19921875,298700,-0.002113709312467793,-0.0021159463488489003
2024-11-11,24087.25,24336.80078125,24004.599609375,24141.30078125,273400,-0.00028567088740283353,-0.00028571169910344984
2024-11-12,24225.80078125,24242.0,23839.150390625,23883.44921875,255800,-0.010680930776533315,-0.010738381367723213
2024-11-13,23822.44921875,23873.599609375,23509.599609375,23559.05078125,304600,-0.013582562322921432,-0.013675649189030194
2024-11-14,23542.150390625,23675.900390625,23484.150390625,23532.69921875,257700,-0.0011185324376894457,-0.0011191584619590343
2024-11-18,23605.30078125,23606.80078125,23350.400390625,23453.80078125,263300,-0.0033527151631265184,-0.003358348106569627
2024-11-19,23529.55078125,23780.650390625,23464.80078125,23518.5,297500,0.002758581406631766,0.002754783503889256
2024-11-21,23488.44921875,23507.30078125,23263.150390625,23349.900390625,420300,-0.007168807933116472,-0.007194627306794726
2024-11-22,23411.80078125,23956.099609375,23359.0,23907.25,367600,0.023869464111237804,0.02358904203763299
2024-11-25,24253.55078125,24351.55078125,24135.44921875,24221.900390625,687200,0.013161295867362366,0.013075438521712217
2024-11-26,24343.30078125,24343.30078125,24125.400390625,24194.5,230700,-0.0011312238174179257,-0.0011318641340202825
2024-11-27,24204.80078125,24354.55078125,24145.650390625,24274.900390625,295000,0.003323085437806128,0.0033175761911502914
2024-11-28,24274.150390625,24345.75,23873.349609375,23914.150390625,366700,-0.014861029054492936,-0.0149725605075969
2024-11-29,23927.150390625,24188.44921875,23927.150390625,24131.099609375,282100,0.009072001940535257,0.009031098528695802
2024-12-02,24140.849609375,24301.69921875,24008.650390625,24276.05078125,220400,0.006006820004948565,0.005988850983542634
2024-12-03,24367.5,24481.349609375,24280.0,24457.150390625,339500,0.007460011144599932,0.007432322879372628
2024-12-04,24488.75,24573.19921875,24366.30078125,24467.44921875,348000,0.00042109681465385407,0.0004210081782723239
2024-12-05,24539.150390625,24857.75,24295.55078125,24708.400390625,361500,0.009847825562885104,0.009799651742121284
2024-12-06,24729.44921875,24751.05078125,24620.5,24677.80078125,226700,-0.0012384293961259507,-0.0012391968835286232
2024-12-09,24633.900390625,24705.0,24580.05078125,24619.0,248100,-0.0023827399277279726,-0.002385583169878571
2024-12-10,24652.650390625,24677.80078125,24510.650390625,24610.05078125,261000,-0.0003635086213900074,-0.00036357470666444975
2024-12-11,24620.5,24691.75,24583.849609375,24641.80078125,187300,0.0012901233029631864,0.0012892918089711122
2024-12-12,24604.44921875,24675.25,24527.94921875,24548.69921875,266100,-0.003778196379659149,-0.003785351792322941
2024-12-13,24498.349609375,24792.30078125,24180.80078125,24768.30078125,310100,0.008945547808588916,0.008905773422254015
2024-12-16,24753.400390625,24781.25,24601.75,24668.25,187600,-0.004039468921733236,-0.004047649614185296
2024-12-17,24584.80078125,24624.099609375,24303.44921875,24336.0,264900,-0.013468730047733413,-0.01356025614827435
2024-12-18,24297.94921875,24394.44921875,24149.849609375,24198.849609375,235300,-0.005635699812006956,-0.005651640286891943
2024-12-19,23877.150390625,24004.900390625,23870.30078125,23951.69921875,271100,-0.010213311567061067,-0.01026582529903898
2024-12-20,23960.69921875,24065.80078125,23537.349609375,23587.5,442700,-0.01520556915080562,-0.015322359236337606
2024-12-23,23738.19921875,23869.55078125,23647.19921875,23753.44921875,189800,0.0070354729729729115,0.007010839504245724
2024-12-24,23769.099609375,23867.650390625,23685.150390625,23727.650390625,177700,-0.0010861087115143775,-0.0010866989549987555
2024-12-26,23775.80078125,23854.5,23653.599609375,23750.19921875,177700,0.0009503186263191132,0.0009498673594489271
2024-12-27,23801.400390625,23938.849609375,23800.599609375,23813.400390625,176800,0.002661079652128029,0.002657545248501766
2024-12-30,23796.900390625,23915.349609375,23599.30078125,23644.900390625,364900,-0.007075847935867907,-0.007101000468431965
2024-12-31,23560.599609375,23689.849609375,23460.44921875,23644.80078125,193600,-4.212721278373799e-06,-4.2127301519090045e-06
2025-01-01,23637.650390625,23822.80078125,23562.80078125,23742.900390625,154900,0.004148887118253564,0.004140304217561321
2025-01-02,23783.0,24226.69921875,23751.55078125,24188.650390625,283200,0.018774033191665485,0.018599976157659907
2025-01-03,24196.400390625,24196.44921875,23976.0,24004.75,312300,-0.007602755327609123,-0.007631803596810856
2025-01-06,24045.80078125,24089.94921875,23551.900390625,23616.05078125,278100,-0.016192595996625703,-0.016325128725884954
2025-01-07,23679.900390625,23795.19921875,23637.80078125,23707.900390625,262300,0.0038892874268343647,0.0038817437019732417
2025-01-08,23746.650390625,23751.849609375,23496.150390625,23688.94921875,266400,-0.0007993610384197103,-0.0007996806978147784
2025-01-09,23674.75,23689.5,23503.05078125,23526.5,269200,-0.006857594959147506,-0.006881216315863482
2025-01-10,23551.900390625,23596.599609375,23344.349609375,23431.5,261000,-0.004037999702463213,-0.004046174437066828
2025-01-13,23195.400390625,23340.94921875,23047.25,23085.94921875,316500,-0.014747275302477436,-0.014857097422370331
2025-01-14,23165.900390625,23264.94921875,23134.150390625,23176.05078125,311200,0.003902874499386977,0.003895278043635164
2025-01-15,23250.44921875,23293.650390625,23146.44921875,23213.19921875,228000,0.0016028803979861728,0.0016015971562733668
2025-01-16,23377.25,23391.650390625,23272.05078125,23311.80078125,299400,0.004247650725383689,0.004238654922064901
2025-01-17,23277.099609375,23292.099609375,23100.349609375,23203.19921875,272900,-0.004658651792672774,-0.004669537131428157
2025-01-20,23290.400390625,23391.099609375,23170.650390625,23344.75,301500,0.006100485537167577,0.006081952909099664
2025-01-21,23421.650390625,23426.30078125,22976.849609375,23024.650390625,312900,-0.013711845677293555,-0.013806721311582606
2025-01-22,23099.150390625,23169.55078125,22981.30078125,23155.349609375,276000,0.0056764909144164655,0.0056604403518015324
2025-01-23,23128.30078125,23270.80078125,23090.650390625,23205.349609375,275600,0.0021593282262408753,0.0021570002277194853
2025-01-24,23183.900390625,23347.30078125,23050.0,23092.19921875,264300,-0.004876047658393667,-0.00488797436469754
2025-01-27,22940.150390625,23007.44921875,22786.900390625,22829.150390625,257400,-0.011391241935562957,-0.011456619090824587
2025-01-28,22960.44921875,23137.94921875,22857.650390625,22957.25,361900,0.005611229817278129,0.005595545512054291
2025-01-29,23026.75,23183.349609375,22976.5,23163.099609375,226300,0.008966649288351114,0.008926687592645893
2025-01-30,23169.5,23322.05078125,23139.19921875,23249.5,361900,0.003730087599762788,0.003723148074350194
2025-01-31,23296.75,23546.80078125,23277.400390625,23508.400390625,304900,0.011135740150325812,0.011074194280356322
2025-02-01,23528.599609375,23632.44921875,23318.30078125,23482.150390625,281000,-0.0011166221250199504,-0.001117246011978889
2025-02-03,23319.349609375,23381.599609375,23222.0,23361.05078125,329700,-0.005157091976693451,-0.005170435671733403
2025-02-04,23509.900390625,23762.75,23423.150390625,23739.25,376700,0.016189306820631133,0.016059657410686868
2025-02-05,23801.75,23807.30078125,23680.44921875,23696.30078125,267000,-0.001809207062143936,-0.0018108456539069108
2025-02-06,23761.94921875,23773.55078125,23556.25,23603.349609375,307000,-0.003922602634608197,-0.003930316218479903
2025-02-07,23649.5,23694.5,23443.19921875,23559.94921875,368100,-0.0018387386257991967,-0.0018404311807618838
2025-02-10,23543.80078125,23568.599609375,23316.30078125,23381.599609375,234200,-0.007570033692307909,-0.0075988318246352615
2025-02-11,23383.55078125,23390.05078125,22986.650390625,23071.80078125,268000,-0.013249684936046169,-0.013338245144624153
2025-02-12,23050.80078125,23144.69921875,22798.349609375,23045.25,279700,-0.0011507892904301098,-0.001151451956867338
2025-02-13,23055.75,23235.5,22992.19921875,23031.400390625,265700,-0.0006009745771905495,-0.0006011552347958088
2025-02-14,23096.44921875,23133.69921875,22774.849609375,22929.25,254500,-0.004435266153706374,-0.00444513112662715
2025-02-17,22809.900390625,22974.19921875,22725.44921875,22959.5,207400,0.0013192755977626813,0.001318406118349223
2025-02-18,22963.650390625,22992.5,22801.5,22945.30078125,210600,-0.0006184463402948426,-0.0006186376571162799
2025-02-19,22847.25,23049.94921875,22814.849609375,22932.900390625,207000,-0.0005404326900405598,-0.0005405787764224007
2025-02-20,22821.099609375,22923.849609375,22812.75,22913.150390625,240800,-0.0008612081186238907,-0.0008615791713867465
2025-02-21,22857.19921875,22921.0,22720.30078125,22795.900390625,242800,-0.005117148798882476,-0.005130286241460248
2025-02-24,22609.349609375,22668.05078125,22518.80078125,22553.349609375,214300,-0.010640105330068539,-0.010697116011174177
2025-02-25,22516.44921875,22625.30078125,22513.900390625,22547.55078125,250300,-0.00025711604818956513,-0.00025714910818764225
2025-02-27,22568.94921875,22613.30078125,22508.400390625,22545.05078125,289200,-0.00011087678764998277,-0.00011088293493540093
2025-02-28,22433.400390625,22450.349609375,22104.849609375,22124.69921875,551300,-0.018644959666695105,-0.01882096814125905
2025-03-03,22194.55078125,22261.55078125,22004.69921875,22119.30078125,282400,-0.00024400049223838316,-0.0002440302652016664
2025-03-04,21974.44921875,22105.05078125,21964.599609375,22082.650390625,253300,-0.0016569416451024388,-0.001658315891150207
2025-03-05,22073.05078125,22394.900390625,22067.80078125,22337.30078125,305900,0.011531695069225467,0.01146571185468711
2025-03-06,22476.349609375,22556.44921875,22245.849609375,22544.69921875,372100,0.009284847776867,0.00924200854408832
2025-03-07,22508.650390625,22633.80078125,22464.75,22552.5,289800,0.00034601398645017767,0.00034595413741610534
2025-03-10,22521.849609375,22676.75,22429.05078125,22460.30078125,293900,-0.004088203913091726,-0.004096583464717347
2025-03-11,22345.94921875,22522.099609375,22314.69921875,22497.900390625,347900,0.0016740474556060647,0.0016726478000064651
2025-03-12,22536.349609375,22577.400390625,22329.55078125,22470.5,369700,-0.0012179087892316698,-0.001218651042867137
2025-03-13,22541.5,22558.05078125,22377.349609375,22397.19921875,287500,-0.003262089461738671,-0.00326742167482874
2025-03-17,22353.150390625,22577.0,22353.150390625,22508.75,251100,0.004980568336268254,0.004968206335327962
2025-03-18,22662.25,22857.80078125,22599.19921875,22834.30078125,272600,0.01446329899483545,0.014359703182661372
2025-03-19,22874.94921875,22940.69921875,22807.94921875,22907.599609375,324000,0.0032100316461272094,0.0032048904937790478
2025-03-20,23036.599609375,23216.69921875,22973.94921875,23190.650390625,313700,0.012356195589090069,0.012280480863664548
2025-03-21,23168.25,23402.69921875,23132.80078125,23350.400390625,541000,0.0068885519512889015,0.0068649342763162065
2025-03-24,23515.400390625,23708.75,23433.5,23658.349609375,311900,0.013188177230298859,0.013101970335000056
2025-03-25,23751.5,23869.599609375,23601.400390625,23668.650390625,338200,0.00043539728764163677,0.0004353025297464832
2025-03-26,23700.94921875,23736.5,23451.69921875,23486.849609375,278600,-0.007681079328545448,-0.007710730752587225
2025-03-27,23433.94921875,23646.44921875,23412.19921875,23591.94921875,510300,0.004474827877002596,0.004464845602965276
2025-03-28,23600.400390625,23649.19921875,23450.19921875,23519.349609375,295400,-0.0030773044101545244,-0.003082049047667123
2025-04-01,23341.099609375,23565.150390625,23136.400390625,23165.69921875,314300,-0.015036571865236992,-0.015150767296533939
2025-04-02,23192.599609375,23350.0,23158.44921875,23332.349609375,341000,0.0071938424586863725,0.007168090205371445
2025-04-03,23150.30078125,23306.5,23145.80078125,23250.099609375,283200,-0.0035251486188494496,-0.003531376595912815
2025-04-04,23190.400390625,23214.69921875,22857.44921875,22904.44921875,466800,-0.014866619775066536,-0.014978235581472139
2025-04-07,21758.400390625,22254.0,21743.650390625,22161.599609375,647100,-0.03243254628305536,-0.032970136904421674
2025-04-08,22446.75,22697.19921875,22270.849609375,22535.849609375,468300,0.016887318902814252,0.01674631338889978
2025-04-09,22460.30078125,22468.69921875,22353.25,22399.150390625,383800,-0.006065856008070525,-0.006084328049671031
2025-04-11,22695.400390625,22923.900390625,22695.400390625,22828.55078125,402200,0.019170387409190415,0.018988950673859396
2025-04-15,23368.349609375,23368.349609375,23207.0,23328.55078125,388300,0.02190239778210845,0.02166598602930882
2025-04-16,23344.099609375,23452.19921875,23273.05078125,23437.19921875,348400,0.004657316201027051,0.004646504460063537
2025-04-17,23401.849609375,23872.349609375,23298.55078125,23851.650390625,505300,0.017683476937954135,0.017528943393621495
2025-04-21,23949.150390625,24189.55078125,23903.650390625,24125.55078125,406100,0.011483498464016417,0.011418063566753105
2025-04-22,24185.400390625,24242.599609375,24072.0,24167.25,440900,0.0017284255654137493,0.0017269335569158489
2025-04-23,24357.599609375,24359.30078125,24119.94921875,24328.94921875,415000,0.006690840652122221,0.006668556323176313
2025-04-24,24277.900390625,24347.849609375,24216.150390625,24246.69921875,358800,-0.0033807460922566923,-0.0033864737270896763
2025-04-25,24289.0,24365.44921875,23847.849609375,24039.349609375,387700,-0.00855166336268387,-0.008588438645809417
2025-04-28,24070.25,24355.099609375,24054.05078125,24328.5,320500,0.012028211882747275,0.011956447831200931
2025-04-29,24370.69921875,24457.650390625,24290.75,24335.94921875,357600,0.0003061930965739812,0.00030614622903455367
2025-04-30,24342.05078125,24396.150390625,24198.75,24334.19921875,424500,-7.191007773188485e-05,-7.191266338548166e-05
2025-05-02,24311.900390625,24589.150390625,24238.5,24346.69921875,421100,0.0005136803511647248,0.0005135484625769229
2025-05-05,24419.5,24526.400390625,24400.650390625,24461.150390625,291500,0.004700890697612925,0.004689876016656186
2025-05-06,24500.75,24509.650390625,24331.80078125,24379.599609375,302400,-0.0033338898599493128,-0.0033394596535795407
2025-05-07,24233.30078125,24449.599609375,24220.0,24414.400390625,330100,0.0014274549954715887,0.001426437150093386
2025-05-08,24431.5,24447.25,24150.19921875,24273.80078125,411400,-0.005758880297096702,-0.005775526588332327
2025-05-09,23935.75,24164.25,23935.75,24008.0,335600,-0.0109501096942064,-0.011010503428714508
2025-05-12,24420.099609375,24944.80078125,24378.849609375,24924.69921875,368700,0.038183073090219954,0.0374721401846667
2025-05-13,24864.05078125,24973.80078125,24547.5,24578.349609375,423000,-0.01389583907654357,-0.013993290077199355
2025-05-14,24613.80078125,24767.55078125,24535.55078125,24666.900390625,345500,0.0036027960647213586,0.003596321541244558
2025-05-15,24694.44921875,25116.25,24494.44921875,25062.099609375,500800,0.01602143814146184,0.015894449466611917
2025-05-16,25064.650390625,25070.0,24953.05078125,25019.80078125,432700,-0.0016877607536591732,-0.0016891866264205442
2025-05-19,25005.349609375,25062.94921875,24916.650390625,24945.44921875,255300,-0.0029717088137536374,-0.002976133107706799
2025-05-20,24996.19921875,25010.349609375,24669.69921875,24683.900390625,414800,-0.010484831354666824,-0.010540184450815589
2025-05-21,24744.25,24946.19921875,24685.349609375,24813.44921875,332700,0.00524831270888626,0.0052345883147392296
2025-05-22,24733.94921875,24737.5,24462.400390625,24609.69921875,403300,-0.008211272774042211,-0.008245170966734258
2025-05-23,24639.5,24909.05078125,24614.05078125,24853.150390625,270500,0.009892488718005854,0.009843878373448323
2025-05-26,24919.349609375,25079.19921875,24900.5,25001.150390625,302800,0.005954979456279652,0.0059373186446142635
2025-05-27,24956.650390625,25062.900390625,24704.099609375,24826.19921875,525700,-0.0069977248703164685,-0.00702232377173064
2025-05-28,24832.5,24864.25,24737.05078125,24752.44921875,684400,-0.0029706520659956714,-0.002975073210803887
2025-05-29,24825.099609375,24892.599609375,24677.30078125,24833.599609375,345400,0.003278479228775888,0.003273116733106363
2025-05-30,24812.599609375,24863.94921875,24717.400390625,24750.69921875,853900,-0.00333823496911434,-0.0033438193068198903
2025-06-02,24669.69921875,24754.400390625,24526.150390625,24716.599609375,311100,-0.0013777230725331435,-0.001378673005562118
2025-06-03,24786.30078125,24845.099609375,24502.150390625,24542.5,349300,-0.007043833380258491,-0.007068758288164619
2025-06-04,24560.44921875,24644.25,24530.44921875,24620.19921875,280900,0.003165904807986175,0.0031609038835467354
2025-06-05,24691.19921875,24899.849609375,24613.099609375,24750.900390625,388400,0.005308696762106768,0.005294655304090157
2025-06-06,24748.69921875,25029.5,24671.44921875,25003.05078125,335600,0.01018752395450262,0.010135980900817266
2025-06-09,25160.099609375,25160.099609375,25077.150390625,25103.19921875,279200,0.004005448710087123,0.003997448256890138
2025-06-10,25196.05078125,25199.30078125,25055.44921875,25104.25,307300,4.18584595869298e-05,4.18575835460567e-05
2025-06-11,25134.150390625,25222.400390625,25081.30078125,25141.400390625,301200,0.0014798446727146697,0.001478750781646587
2025-06-12,25164.44921875,25196.19921875,24825.900390625,24888.19921875,328300,-0.010071084662786611,-0.010122141121121413
2025-06-13,24473.0,24754.349609375,24473.0,24718.599609375,318700,-0.006814458847919758,-0.006837783295332098
2025-06-16,24732.349609375,24967.099609375,24703.599609375,24946.5,305800,0.00921979376770854,0.00917755091754434
2025-06-17,24977.849609375,24982.05078125,24813.69921875,24853.400390625,242400,-0.0037319707924959866,-0.0037389519699400583
2025-06-18,24788.349609375,24947.55078125,24750.44921875,24812.05078125,237600,-0.0016637405234334324,-0.0016651260767121068
2025-06-19,24803.25,24863.099609375,24733.400390625,24793.25,274600,-0.0007577278241026608,-0.0007580150449296773
2025-06-20,24787.650390625,25136.19921875,24783.650390625,25112.400390625,574700,0.01287247095983779,0.012790324902965947
2025-06-23,24939.75,25057.0,24824.849609375,24971.900390625,248500,-0.0055948454872697395,-0.005610555258512813
2025-06-24,25179.900390625,25317.69921875,24999.69921875,25044.349609375,450200,0.0029012296868362597,0.0028970292423300638
2025-06-25,25150.349609375,25266.80078125,25125.05078125,25244.75,260600,0.008001820520425307,0.00796997571939643
2025-06-26,25268.94921875,25565.30078125,25259.900390625,25549.0,428900,0.012052010814129765,0.011979963629751521
2025-06-27,25576.650390625,25654.19921875,25523.55078125,25637.80078125,564000,0.003475704773181043,0.00346967847107354
2025-06-30,25661.650390625,25669.349609375,25473.30078125,25517.05078125,271000,-0.004709842354665206,-0.004720968611190444
2025-07-01,25551.349609375,25593.400390625,25501.80078125,25541.80078125,260700,0.0009699396772837598,0.0009694695897414579
2025-07-02,25588.30078125,25608.099609375,25378.75,25453.400390625,309800,-0.0034610085397696055,-0.0034670116851196766
2025-07-03,25505.099609375,25587.5,25384.349609375,25405.30078125,293400,-0.00188971251922454,-0.0018915002785163046
2025-07-04,25428.849609375,25470.25,25331.650390625,25461.0,193500,0.0021924250859925998,0.0021900252291445488
2025-07-07,25450.44921875,25489.80078125,25407.25,25461.30078125,196100,1.1813410706551508e-05,1.181334092876479e-05
2025-07-08,25427.849609375,25548.05078125,25424.150390625,25522.5,210400,0.0024036171315751087,0.0024007330644550996
2025-07-09,25514.599609375,25548.69921875,25424.349609375,25476.099609375,239100,-0.00181801902732881,-0.0018196736296237606
2025-07-10,25511.650390625,25524.05078125,25340.44921875,25355.25,219600,-0.004743646446198069,-0.004754933244868607
2025-07-11,25255.5,25322.44921875,25129.0,25149.849609375,250000,-0.008100901810276007,-0.00813389240519248
2025-07-14,25149.5,25151.099609375,25001.94921875,25082.30078125,259500,-0.002685854157148504,-0.0026894675348791744
2025-07-15,25089.5,25245.19921875,25088.44921875,25195.80078125,241300,0.004525103218794291,0.004514895720960817
2025-07-16,25196.599609375,25255.30078125,25121.05078125,25212.05078125,228800,0.0006449487413033861,0.0006447408512447503
2025-07-17,25230.75,25238.349609375,25101.0,25111.44921875,243400,-0.003990217351728331,-0.003998199509757984
2025-07-18,25108.55078125,25144.599609375,24918.650390625,24968.400390625,317000,-0.0056965580472427835,-0.005712845317742711
2025-07-21,24999.0,25111.400390625,24882.30078125,25090.69921875,305200,0.004898144302865282,0.004886187422514114
2025-07-22,25166.650390625,25182.0,25035.55078125,25060.900390625,483700,-0.0011876443882732346,-0.0011883501967580668
2025-07-23,25139.349609375,25233.5,25085.5,25219.900390625,271500,0.006344544590244583,0.006324502693684897
2025-07-24,25243.30078125,25246.25,25018.69921875,25062.099609375,338700,-0.006256994627491075,-0.006276651657225533
2025-07-25,25010.349609375,25010.349609375,24806.349609375,24837.0,278100,-0.008981674037030651,-0.009022252428611252
2025-07-28,24782.44921875,24889.19921875,24646.599609375,24680.900390625,262100,-0.006284962329387578,-0.006304795850755804
2025-07-29,24609.650390625,24847.150390625,24598.599609375,24821.099609375,284700,0.005680474234370125,0.005664401180259817
2025-07-30,24890.400390625,24902.30078125,24771.94921875,24855.05078125,243900,0.001367835124523431,0.001366900490246142
2025-07-31,24642.25,24956.5,24635.0,24768.349609375,346300,-0.0034882717656889994,-0.003494369971240235
2025-08-01,24734.900390625,24784.150390625,24535.05078125,24565.349609375,263400,-0.008195943742782208,-0.008229715141942045
2025-08-04,24596.05078125,24736.25,24554.0,24722.75,259300,0.006407415043054421,0.006386974825463857
2025-08-05,24720.25,24733.099609375,24590.30078125,24649.55078125,251800,-0.0029608040671041946,-0.0029651959185494695
2025-08-06,24641.349609375,24671.400390625,24539.19921875,24574.19921875,225100,-0.003056914228121266,-0.003061596134311999
2025-08-07,24464.19921875,24634.19921875,24344.150390625,24596.150390625,616700,0.0008932609229541644,0.0008928622028389917
2025-08-08,24544.25,24585.5,24337.5,24363.30078125,312600,-0.009466912735407229,-0.00951200879308063
2025-08-11,24371.5,24600.849609375,24347.44921875,24585.05078125,241100,0.009101804471857822,0.009060632685991908
2025-08-12,24563.349609375,24702.599609375,24465.650390625,24487.400390625,237000,-0.003971941790719136,-0.003979850901478695
2025-08-13,24586.19921875,24664.55078125,24535.25,24619.349609375,236000,0.005388453516712133,0.0053739877432256436
2025-08-14,24607.25,24673.650390625,24596.900390625,24631.30078125,270200,0.00048543816407109475,0.00048532037708285097
2025-08-18,24938.19921875,25022.0,24852.849609375,24876.94921875,363100,0.009973019276634965,0.009923616908863717
2025-08-19,24891.349609375,25012.650390625,24873.94921875,24980.650390625,252300,0.004168564680625764,0.004159900285259885
2025-08-20,24965.80078125,25088.69921875,24929.69921875,25050.55078125,287100,0.0027981813736617234,0.002794273751954044
2025-08-21,25142.0,25153.650390625,25054.900390625,25083.75,226500,0.0013252889742787488,0.0013244115539841486
2025-08-22,25064.150390625,25084.849609375,24859.150390625,24870.099609375,210200,-0.008517482060098724,-0.008553963109247331
2025-08-25,24949.150390625,25021.55078125,24894.349609375,24967.75,213000,0.003926417350905487,0.003918729092601476
2025-08-26,24899.5,24919.650390625,24689.599609375,24712.05078125,750500,-0.010241179872034878,-0.010293981565065833
2025-08-28,24695.80078125,24702.650390625,24481.599609375,24500.900390625,326600,-0.008544430103923584,-0.00858114302373062
2025-08-29,24466.69921875,24572.44921875,24404.69921875,24426.849609375,325500,-0.0030223697933294824,-0.003026946376657732
2025-09-01,24432.69921875,24635.599609375,24432.69921875,24625.05078125,229300,0.008114070174605414,0.008081328102276956
2025-09-02,24653.0,24756.099609375,24522.349609375,24579.599609375,271600,-0.0018457290617897026,-0.0018474345185382894
2025-09-03,24616.5,24737.05078125,24533.19921875,24715.05078125,340300,0.0055107151470170646,0.005495586709857895
2025-09-04,24980.75,24980.75,24708.19921875,24734.30078125,314100,0.0007788776228048189,0.0007785744550393448
2025-09-05,24818.849609375,24832.349609375,24621.599609375,24741.0,210100,0.00027084730671167456,0.0002708106342015157
2025-09-08,24802.599609375,24885.5,24751.55078125,24773.150390625,213200,0.0012994782193525012,0.0012986346282709543
2025-09-09,24864.099609375,24891.80078125,24814.0,24868.599609375,226900,0.003852930178235292,0.0038455266535053208
2025-09-10,24991.0,25035.69921875,24915.05078125,24973.099609375,244100,0.0042020862308871365,0.004193282121674665
2025-09-11,24945.5,25037.30078125,24940.150390625,25005.5,224600,0.0012974116602184615,0.0012965707489705478
2025-09-12,25074.44921875,25139.44921875,25038.05078125,25114.0,225700,0.004339045410009845,0.004329658895022681
2025-09-15,25118.900390625,25138.44921875,25048.75,25069.19921875,185400,-0.0017838966811339896,-0.001785489719644452
2025-09-16,25073.599609375,25261.400390625,25070.44921875,25239.099609375,240100,0.006777256391098607,0.0067543940269436074
2025-09-17,25276.599609375,25346.5,25275.349609375,25330.25,268900,0.003611475529465391,0.003604969810507005
2025-09-18,25441.05078125,25448.94921875,25329.75,25423.599609375,272200,0.0036853015416349333,0.0036785274558399
2025-09-19,25410.19921875,25428.75,25286.30078125,25327.05078125,380400,-0.0037976065391384095,-0.0038048357551339826
2025-09-22,25238.099609375,25331.69921875,25151.05078125,25202.349609375,254500,-0.004923635718664832,-0.00493579674708062
2025-09-23,25209.0,25261.900390625,25084.650390625,25169.5,299200,-0.0013034343973540308,-0.001304284606843299
2025-09-24,25108.75,25149.849609375,25027.44921875,25056.900390625,244400,-0.00447365300760838,-0.004483689738311146
2025-09-25,25034.5,25092.69921875,24878.30078125,24890.849609375,342500,-0.006626948212322681,-0.006649003929024595
2025-09-26,24818.55078125,24868.599609375,24629.44921875,24654.69921875,291500,-0.009487437927231501,-0.009532730366893805
2025-09-29,24728.55078125,24791.30078125,24606.19921875,24634.900390625,394400,-0.0008030448049409777,-0.0008033674181471517
2025-09-30,24691.94921875,24731.80078125,24587.69921875,24611.099609375,303000,-0.0009661407544825362,-0.0009666077692868598
2025-10-01,24620.55078125,24867.94921875,24605.94921875,24836.30078125,308900,0.009150390492475902,0.009108779315782467
2025-10-03,24759.55078125,24904.80078125,24747.55078125,24894.25,365900,0.0023332467769816567,0.0023305289834215856
2025-10-06,24916.55078125,25095.94921875,24881.650390625,25077.650390625,268800,0.007367178791287232,0.007340173682814145
2025-10-07,25085.30078125,25220.900390625,25076.30078125,25108.30078125,288000,0.0012222193924698033,0.0012214730903828323
2025-10-08,25079.75,25192.5,25008.5,25046.150390625,227400,-0.0024752925801897474,-0.0024783611817054724
2025-10-09,25074.30078125,25199.25,25024.30078125,25181.80078125,286300,0.005416017571936882,0.005401403691044332
2025-10-10,25167.650390625,25330.75,25156.849609375,25285.349609375,232900,0.0041120501676790155,0.004103618794970308
2025-10-13,25177.30078125,25267.30078125,25152.30078125,25227.349609375,234300,-0.0022938183927065925,-0.0022964532241035664
2025-10-14,25277.55078125,25310.349609375,25060.55078125,25145.5,292100,-0.003244479132464395,-0.0032497538671527296
2025-10-15,25181.94921875,25365.150390625,25159.349609375,25323.55078125,289900,0.007080820872521931,0.007055869574947451
2025-10-16,25394.900390625,25625.400390625,25376.849609375,25585.30078125,372800,0.010336228211479837,0.010283174673804386
2025-10-17,25546.849609375,25781.5,25508.599609375,25709.849609375,422100,0.004867983737610659,0.0048561734175648985
2025-10-20,25824.599609375,25926.19921875,25788.5,25843.150390625,301100,0.005184813729964155,0.0051714188632333265
2025-10-21,25901.19921875,25934.349609375,25825.80078125,25868.599609375,42500,0.0009847568259027106,0.000984272270986046
2025-10-23,26057.19921875,26104.19921875,25862.44921875,25891.400390625,448400,0.0008814076368377499,0.0008810194252249848
2025-10-24,25935.099609375,25944.150390625,25718.19921875,25795.150390625,284900,-0.0037174505259611745,-0.0037243774174138414
2025-10-27,25843.19921875,26005.94921875,25827.0,25966.05078125,266300,0.006625291500029773,0.00660344071508198
2025-10-28,25939.94921875,26041.69921875,25810.05078125,25936.19921875,395200,-0.001149638146805021,-0.0011502994876563522
2025-10-29,25982.0,26097.849609375,25960.30078125,26053.900390625,321900,0.0045381040946781415,0.004527837947802368
2025-10-30,25984.400390625,26032.05078125,25845.25,25877.849609375,257400,-0.0067571756478100875,-0.006780108726120027
2025-10-31,25863.80078125,25953.75,25711.19921875,25722.099609375,334400,-0.006018660837397216,-0.006036845980053782
2025-11-03,25696.849609375,25803.099609375,25645.5,25763.349609375,23300,0.0016036793506921665,0.001602394830084992
2025-11-04,25744.75,25787.400390625,25578.400390625,25597.650390625,305100,-0.006431586779760301,-0.006452358545521922
2025-11-06,25593.349609375,25679.150390625,25491.55078125,25509.69921875,371900,-0.0034359080045569534,-0.0034418242922323408
2025-11-07,25433.80078125,25551.25,25318.44921875,25492.30078125,305600,-0.0006820322478444663,-0.0006822649376453303
2025-11-10,25503.5,25653.44921875,25503.5,25574.349609375,243600,0.0032185728871263475,0.0032134043686110675
2025-11-11,25617.0,25715.80078125,25449.25,25694.94921875,297700,0.0047156471705849246,0.004704563337770722
2025-11-12,25834.30078125,25934.55078125,25781.150390625,25875.80078125,312600,0.0070384090258497345,0.007013755040664786
2025-11-13,25906.099609375,26010.69921875,25808.400390625,25879.150390625,385200,0.00012944949620363744,0.00012944111834060272
2025-11-14,25767.900390625,25940.19921875,25740.80078125,25910.05078125,518900,0.001194026471448284,0.0011933141887742222
2025-11-17,25948.19921875,26024.19921875,25906.349609375,26013.44921875,281800,0.0039906690408659795,0.003982727442351947
2025-11-18,26021.80078125,26029.849609375,25876.5,25910.05078125,280000,-0.003974806902018679,-0.003982727442351953
2025-11-19,25918.099609375,26074.650390625,25856.19921875,26052.650390625,250100,0.005503640675154298,0.005488550984983714
2025-11-20,26132.099609375,26246.650390625,26063.19921875,26192.150390625,240400,0.005354541588221684,0.005340256999340202
2025-11-21,26109.55078125,26179.19921875,26052.19921875,26068.150390625,235600,-0.0047342428227803435,-0.0047454848460117445
2025-11-24,26122.80078125,26142.80078125,25912.150390625,25959.5,464700,-0.004167936312968079,-0.00417664636992243
2025-11-25,25998.5,26032.599609375,25857.5,25884.80078125,260500,-0.002877529180069005,-0.002881677226487561
2025-11-26,25842.94921875,26215.150390625,25842.94921875,26205.30078125,275300,0.012381783530362567,0.012305756174877891
2025-11-27,26261.25,26310.44921875,26141.900390625,26215.55078125,240300,0.0003911422381892571,0.0003910657620054032
2025-11-28,26237.44921875,26280.75,26172.400390625,26202.94921875,202500,-0.0004806903583736144,-0.0004808059270205712
2025-12-01,26325.80078125,26325.80078125,26124.19921875,26175.75,213800,-0.0010380212747401751,-0.001038560391932615
2025-12-02,26087.94921875,26154.599609375,25997.849609375,26032.19921875,254800,-0.005484113396941881,-0.005499206353098099
2025-12-03,26004.900390625,26066.44921875,25891.0,25986.0,265700,-0.0017746951904364927,-0.0017762718275890193
2025-12-04,25981.849609375,26098.25,25938.94921875,26033.75,248100,0.0018375278996383138,0.0018358417105443499
2025-12-05,25999.80078125,26202.599609375,25985.349609375,26186.44921875,249300,0.005865433091659877,0.005848298407896911
2025-12-08,26159.80078125,26178.69921875,25892.25,25960.55078125,320700,-0.00862653945989178,-0.008663963433110109
2025-12-09,25867.099609375,25923.650390625,25728.0,25839.650390625,276000,-0.004657081109092687,-0.004667959097577137
2025-12-10,25864.05078125,25947.650390625,25734.55078125,25758.0,207900,-0.0031598875909956137,-0.003164890577820058
2025-12-11,25771.400390625,25922.80078125,25693.25,25898.55078125,206100,0.0054565875164998,0.005441754277616313
2025-12-12,25971.19921875,26057.599609375,25938.44921875,26046.94921875,216300,0.005729990019651465,0.0057136360690816825
2025-12-15,25930.05078125,26047.150390625,25904.75,26027.30078125,181600,-0.0007543469807149705,-0.0007546316435640039
2025-12-16,25951.5,25980.75,25834.349609375,25860.099609375,264400,-0.006424068837574293,-0.006444791966669916
2025-12-17,25902.400390625,25929.150390625,25770.349609375,25818.55078125,206500,-0.001606677033445636,-0.0016079691231565723
2025-12-18,25764.69921875,25902.349609375,25726.30078125,25815.55078125,197600,-0.00011619552256891819,-0.00011620227379163036
2025-12-19,25911.5,25993.349609375,25880.44921875,25966.400390625,382900,0.005843362036054733,0.005826355812965194
2025-12-22,26055.849609375,26180.69921875,26047.80078125,26172.400390625,253000,0.00793332910611566,0.00790202570190833
2025-12-23,26205.19921875,26233.55078125,26119.05078125,26177.150390625,216600,0.00018148889399149937,0.00018147242687454733
2025-12-24,26170.650390625,26236.400390625,26123.0,26142.099609375,188800,-0.0013389838361685946,-0.0013398810760412456
2025-12-26,26121.25,26144.19921875,26008.599609375,26042.30078125,142200,-0.0038175521330050532,-0.0038248575837020187
2025-12-29,26063.349609375,26106.80078125,25920.30078125,25942.099609375,234300,-0.003847631310177624,-0.0038550524856079535
2025-12-30,25940.900390625,25976.75,25878.0,25938.849609375,396900,-0.00012527898855285713,-0.00012528683662081574
2025-12-31,25971.05078125,26187.94921875,25969.0,26129.599609375,246300,0.0073538342244390265,0.007326926621050068
2026-01-01,26173.30078125,26197.55078125,26113.400390625,26146.55078125,425600,0.0006487344669803274,0.0006485241297397655
2026-01-02,26155.099609375,26340.0,26118.400390625,26328.55078125,357500,0.006960765170238581,0.00693665088228735
2026-01-05,26333.69921875,26373.19921875,26210.05078125,26250.30078125,338800,-0.0029720587604740167,-0.002976484097528138
2026-01-06,26189.69921875,26273.94921875,26124.75,26178.69921875,383000,-0.0027276473171363724,-0.0027313741255683985
2026-01-07,26143.099609375,26187.150390625,26067.900390625,26140.75,338200,-0.001449622016468255,-0.0014506737349826563
2026-01-08,26106.5,26133.19921875,25858.44921875,25876.849609375,328500,-0.010095364158449915,-0.010146667926064248
2026-01-09,25840.400390625,25940.599609375,25623.0,25683.30078125,348800,-0.007479613285493514,-0.007507725861466694
2026-01-12,25669.05078125,25813.150390625,25473.400390625,25790.25,275800,0.004164153963733375,0.00415550786875295
2026-01-13,25897.349609375,25899.80078125,25603.30078125,25732.30078125,339500,-0.002246942885392733,-0.002249471049361169
2026-01-14,25648.55078125,25791.75,25603.94921875,25665.599609375,393100,-0.00259211846006413,-0.002595483815978393
2026-01-16,25696.05078125,25873.5,25662.400390625,25694.349609375,434000,0.0011201764399650926,0.0011195495104741853
2026-01-19,25653.099609375,25653.30078125,25494.349609375,25585.5,443100,-0.004236324757381116,-0.004245323404225256
2026-01-20,25580.30078125,25585.0,25171.349609375,25232.5,409800,-0.013796877137441155,-0.013892938636022806
2026-01-21,25141.0,25300.94921875,24919.80078125,25157.5,395600,-0.0029723570791637677,-0.0029767833055262707
2026-01-22,25344.150390625,25435.75,25168.5,25289.900390625,486400,0.00526285960946038,0.005249059162526262
2026-01-23,25344.599609375,25347.94921875,25025.30078125,25048.650390625,393900,-0.009539381186706164,-0.009585172530157553
2026-01-27,25063.349609375,25246.650390625,24932.55078125,25175.400390625,618700,0.005060152863462841,0.0050473933153695125
2026-01-28,25258.849609375,25372.099609375,25187.650390625,25342.75,574900,0.006647346488174222,0.006625350304204862
2026-01-29,25345.0,25458.150390625,25159.80078125,25418.900390625,582400,0.0030048195489833507,0.003000314101836464
2026-01-30,25247.55078125,25370.69921875,25213.650390625,25320.650390625,508400,-0.003865234077404689,-0.003872723399525638
2026-02-02,24796.5,25108.099609375,24679.400390625,25088.400390625,449200,-0.00917235522852089,-0.00921468029121448
2026-02-03,26308.05078125,26341.19921875,25641.30078125,25727.55078125,637300,0.025475932330218942,0.025156829049839922
2026-02-04,25675.05078125,25818.55078125,25563.94921875,25776.0,429800,0.0018831648283172964,0.0018813938963879184
2026-02-05,25755.900390625,25757.650390625,25579.5,25642.80078125,343800,-0.00516756745616076,-0.005180965509696233
2026-02-06,25605.80078125,25703.94921875,25491.900390625,25693.69921875,375500,0.0019849016468285186,0.001982934332408332
2026-02-09,25888.69921875,25922.25,25780.900390625,25867.30078125,359400,0.006756581098813275,0.006733857702297746
2026-02-10,25922.650390625,25989.44921875,25870.44921875,25935.150390625,460900,0.0026229876069705504,0.0026195535786092045
2026-02-11,25997.44921875,26009.400390625,25899.80078125,25953.849609375,331400,0.0007209990483325601,0.0007207392533858182
2026-02-12,25906.69921875,25906.69921875,25752.400390625,25807.19921875,419400,-0.00565042923620962,-0.005666453301894332
2026-02-13,25571.150390625,25630.349609375,25444.30078125,25471.099609375,453500,-0.01302348257655217,-0.013109031702560043
2026-02-16,25423.599609375,25697.0,25372.69921875,25682.75,275800,0.008309432803093486,0.008275099528577884
2026-02-17,25637.94921875,25764.400390625,25570.30078125,25725.400390625,344100,0.00166066292063749,0.0016592855446634625
2026-02-18,25752.650390625,25828.05078125,25645.150390625,25819.349609375,310200,0.003652002197183979,0.0036453498285502696
2026-02-19,25873.349609375,25885.30078125,25388.75,25454.349609375,298200,-0.014136684522350174,-0.014237559265090531
2026-02-20,25406.55078125,25663.55078125,25379.75,25571.25,296600,0.004592550680687868,0.00458203709696536
2026-02-23,25678.400390625,25771.44921875,25609.349609375,25713.0,313700,0.00554333479982394,0.00552802706402003
2026-02-24,25641.80078125,25641.80078125,25327.599609375,25424.650390625,439100,-0.011214156627970318,-0.011277509359324957
2026-02-25,25512.599609375,25652.599609375,25428.19921875,25482.5,414200,0.002275335490801167,0.0022727508349003555
2026-02-26,25556.30078125,25572.94921875,25400.94921875,25496.55078125,405200,0.0005513894339252978,0.000551237474627977
2026-02-27,25459.849609375,25476.400390625,25141.30078125,25178.650390625,438900,-0.012468368500212268,-0.012546750821351201
2026-03-02,24659.25,24989.349609375,24603.5,24865.69921875,519200,-0.012429227421638323,-0.012507116341135643
2026-03-04,24388.80078125,24602.44921875,24305.400390625,24480.5,599000,-0.015491187895474101,-0.015612430100429392
2026-03-05,24615.94921875,24854.19921875,24529.400390625,24765.900390625,504300,0.011658274570576665,0.011590840491558407
2026-03-06,24656.400390625,24700.900390625,24415.75,24450.44921875,433400,-0.012737318930444053,-0.012819134056590225
2026-03-09,23868.05078125,24078.150390625,23697.80078125,24028.05078125,526900,-0.017275692308183932,-0.017426658301668632
2026-03-10,24280.80078125,24303.80078125,24079.94921875,24261.599609375,444300,0.009719840791548862,0.009672907019832675
2026-03-11,24231.849609375,24299.0,23834.30078125,23866.849609375,407400,-0.01627056774308744,-0.016404386958885315
2026-03-12,23674.849609375,23833.150390625,23556.30078125,23639.150390625,501000,-0.009540396930332928,-0.009586198057198514
2026-03-13,23462.5,23492.400390625,23112.0,23151.099609375,519800,-0.02064586811222946,-0.020861973679950938
2026-03-16,23116.099609375,23502.0,22955.25,23408.80078125,540300,0.011131271353117311,0.011069774688696974
2026-03-17,23493.19921875,23656.80078125,23346.599609375,23581.150390625,458800,0.007362598835607637,0.007335627211391066
2026-03-18,23632.900390625,23862.25,23618.44921875,23777.80078125,382900,0.008339304375208911,0.008304724491583992
2026-03-19,23197.75,23378.69921875,22930.349609375,23002.150390625,550100,-0.03262077926216955,-0.03316469831760482
2026-03-20,23110.150390625,23345.150390625,23067.599609375,23114.5,663300,0.004884308965338757,0.004872419427371909
2026-03-23,22824.349609375,22851.69921875,22471.25,22512.650390625,550300,-0.026037751600726855,-0.02638273543442679
2026-03-24,22878.44921875,23057.30078125,22624.19921875,22912.400390625,538100,0.017756683156527453,0.017600874978779452
2026-03-25,23064.400390625,23465.349609375,23063.19921875,23306.44921875,505400,0.01719805962740728,0.0170518470014907
2026-03-27,23173.55078125,23186.099609375,22804.55078125,22819.599609375,612600,-0.02088905112938999,-0.0211103140979646
2026-03-30,22549.650390625,22714.099609375,22283.849609375,22331.400390625,698600,-0.02139385559374285,-0.021626021374847804
2026-04-01,22899.0,22941.30078125,22618.599609375,22679.400390625,518000,0.015583438293735208,0.0154632634032261
2026-04-02,22383.400390625,22782.30078125,22182.55078125,22713.099609375,495100,0.0014858954897207788,0.0014847926393626724
2026-04-06,22780.30078125,22998.349609375,22542.94921875,22968.25,426400,0.01123362266767347,0.01117099412238686
2026-04-07,22838.69921875,23153.849609375,22719.30078125,23123.650390625,477000,0.0067658785769486585,0.006743092740219248
2026-04-08,23855.150390625,24025.150390625,23828.5,23997.349609375,639300,0.03778379295615997,0.03708747109816642
2026-04-09,23909.05078125,23990.75,23682.80078125,23775.099609375,466600,-0.009261439434677166,-0.009304593215623836
2026-04-10,23880.55078125,24074.05078125,23856.349609375,24050.599609375,481300,0.011587753764504383,0.011521129932275736
2026-04-13,23589.599609375,23907.400390625,23555.599609375,23842.650390625,488800,-0.008646321593950623,-0.008683917902558702
2026-04-15,24163.80078125,24280.900390625,24145.80078125,24231.30078125,460300,0.016300637062472756,0.01616920800628811
2026-04-16,24385.19921875,24400.94921875,24102.80078125,24196.75,508000,-0.0014258739785333319,-0.0014268915041919185
2026-04-17,24165.900390625,24371.900390625,24096.05078125,24353.55078125,498600,0.006480241406387144,0.0064593349128548826
2026-04-20,24391.5,24480.650390625,24241.25,24364.849609375,415900,0.00046394992773279853,0.0004638423362418336
2026-04-21,24374.55078125,24601.69921875,24354.900390625,24576.599609375,425800,0.008690798564113589,0.00865325096320232
2026-04-22,24470.849609375,24515.94921875,24352.900390625,24378.099609375,440500,-0.00807678861823835,-0.00810958257469758
2026-04-23,24202.349609375,24310.19921875,24134.80078125,24173.05078125,467500,-0.008411190019346093,-0.008446763696540498
2026-04-24,24100.55078125,24206.0,23813.650390625,23897.94921875,438400,-0.011380506539678703,-0.011445760055327719
2026-04-27,23945.44921875,24130.69921875,23936.19921875,24092.69921875,430300,0.008149234824183171,0.008116209111611542
2026-04-28,24049.900390625,24181.80078125,23957.05078125,23995.69921875,554100,-0.004026115924964935,-0.004034242549507945
2026-04-29,24096.900390625,24334.69921875,24059.94921875,24177.650390625,531100,0.007582657634449097,0.0075540537904852266
2026-04-30,23996.94921875,24087.44921875,23796.849609375,23997.55078125,505500,-0.007449012061355398,-0.007476894502422098
2026-05-04,24063.55078125,24290.19921875,24004.75,24119.30078125,419100,0.005073434414612388,0.005060607910890723
2026-05-05,24052.599609375,24081.69921875,23882.05078125,24032.80078125,363300,-0.0035863394542201554,-0.0035927857866665616
2026-05-06,24171.0,24356.5,23997.900390625,24330.94921875,429200,0.01240589643353629,0.012329573885162747
2026-05-07,24398.5,24482.099609375,24284.0,24326.650390625,440600,-0.00017668148029703623,-0.0001766970903084699
2026-05-08,24233.650390625,24253.80078125,24126.650390625,24176.150390625,335900,-0.006186630612244115,-0.0062058471093194715
2026-05-11,23970.099609375,23997.44921875,23799.099609375,23815.849609375,390100,-0.014903149402549887,-0.015015317164036516
2026-05-12,23722.599609375,23757.55078125,23348.400390625,23379.55078125,447500,-0.018319683541890175,-0.018489566950081734
2026-05-13,23362.44921875,23582.94921875,23262.55078125,23412.599609375,415400,0.0014135784059419176,0.001412580244529267
2026-05-14,23530.25,23777.19921875,23426.55078125,23689.599609375,428700,0.011831236369372666,0.011761794478008175
2026-05-15,23731.400390625,23839.30078125,23610.30078125,23643.5,408900,-0.0019459851637491088,-0.0019478810528585342
2026-05-18,23482.19921875,23695.650390625,23317.099609375,23649.94921875,392000,0.0002727692071817778,0.0002727320124251536
2026-05-19,23675.30078125,23782.30078125,23587.19921875,23618.0,442000,-0.0013509212410769411,-0.0013518345578153919
2026-05-20,23457.25,23690.900390625,23397.30078125,23659.0,344100,0.0017359640951817301,0.0017344590510618102
2026-05-21,23830.05078125,23859.900390625,23596.599609375,23654.69921875,348200,-0.00018178203854768427,-0.00018179856290503812
2026-05-22,23671.19921875,23835.650390625,23671.0,23719.30078125,336100,0.002731024474358801,0.0027273020029192283
2026-05-25,23940.25,24054.44921875,23922.849609375,24031.69921875,351200,0.01317064277657587,0.013084663968970206
2026-05-26,24004.099609375,24089.80078125,23885.44921875,23913.69921875,387900,-0.004910181295375682,-0.004922275842741698
2026-05-27,23880.349609375,23983.19921875,23858.25,23907.150390625,531600,-0.00027385257567613674,-0.0002738900801400246
2026-05-29,23902.150390625,24002.80078125,23484.75,23547.75,1198000,-0.015033175629577955,-0.015147319219471595
2026-06-01,23654.5,23733.69921875,23357.94921875,23382.599609375,421700,-0.007013425513053284,-0.007038135182494777
2026-06-02,23229.150390625,23556.94921875,23229.150390625,23483.55078125,511900,0.00431736306319519,0.004308069989399964
2026-06-03,23415.94921875,23459.650390625,23151.5,23405.599609375,450100,-0.0033193946094914883,-0.003324916021661275
2026-06-04,23282.44921875,23465.30078125,23247.30078125,23416.55078125,412500,0.00046788683297016576,0.0004677774080569192
2026-06-05,23478.94921875,23516.349609375,23282.650390625,23366.69921875,366200,-0.0021289028843615165,-0.0021311722194751305
2026-06-08,23080.69921875,23267.30078125,23070.150390625,23123.0,375700,-0.010429338627102713,-0.01048410529877786
2026-06-09,23259.05078125,23279.400390625,23104.44921875,23242.099609375,402600,0.005150698844224255,0.005137479368527299
2026-06-10,23233.94921875,23425.349609375,23184.599609375,23214.94921875,380000,-0.0011681556778996294,-0.0011688385035597795
2026-06-11,23104.400390625,23327.44921875,23072.05078125,23161.599609375,363000,-0.0022980713363744965,-0.0023007159547660506
2026-06-12,23412.55078125,23645.349609375,23313.900390625,23622.900390625,351900,0.019916620139797336,0.019720878993895297
2026-06-15,23984.849609375,24011.400390625,23817.80078125,23853.900390625,398900,0.009778646829145199,0.009731145278463154
2026-06-16,23923.900390625,24002.599609375,23888.19921875,23989.150390625,327300,0.005669932287180934,0.005653918723145327
2026-06-17,24044.5,24108.19921875,23969.69921875,24085.69921875,352700,0.004024687267071059,0.004016609878660483
2026-06-18,24073.80078125,24189.25,24036.94921875,24168.0,340000,0.0034169978003351087,0.0034111731281746415
2026-06-19,23991.19921875,24047.19921875,23901.900390625,24013.099609375,447900,-0.006409317718677587,-0.006429945583083175
2026-06-22,24106.599609375,24168.05078125,24073.150390625,24102.900390625,252800,0.0037396580495980825,0.003732682912776634
2026-06-23,24071.30078125,24135.5,23784.94921875,23824.099609375,340100,-0.011567105067506356,-0.011634524429481118
2026-06-24,23795.80078125,24090.05078125,23789.25,24021.650390625,395600,0.008292056551520766,0.008257866325424086
2026-06-25,24125.849609375,24261.599609375,24039.0,24056.0,448800,0.0014299437722400388,0.0014289223762208004
2026-06-29,24061.75,24120.0,23924.55078125,23946.25,588500,-0.004562271366810755,-0.004572710289054184
2026-06-30,24032.05078125,24035.55078125,23829.19921875,23865.75,449000,-0.0033616954637991636,-0.003367358657511833
2026-07-01,23897.650390625,24049.900390625,23895.099609375,24005.849609375,352100,0.0058703208311072785,0.005853157634003401
2026-07-02,24062.19921875,24194.55078125,24058.80078125,24175.69921875,372900,0.007075342557701703,0.007050429763556748
2026-07-03,24375.650390625,24378.150390625,24252.349609375,24270.849609375,326600,0.003935786500487426,0.003928061555321314
2026-07-06,24306.849609375,24458.650390625,24287.099609375,24430.349609375,329400,0.006571669412775316,0.0065501701327115155
2026-07-07,24464.44921875,24530.900390625,24348.94921875,24398.69921875,412600,-0.0012955357222089736,-0.0012963756541323145
2026-07-08,24259.55078125,24300.0,23805.19921875,23882.05078125,420500,-0.02117524515827318,-0.021402656722269202
2026-07-09,23928.94921875,24134.69921875,23925.69921875,23962.80078125,384800,0.0033812004144717633,0.003375497008972435
2026-07-10,24124.69921875,24228.44921875,24120.349609375,24206.900390625,313100,0.01018660596494203,0.010135072168571098
2026-07-13,24039.400390625,24259.80078125,24000.19921875,24211.0,322700,0.0001693570555851842,0.0001693427162979961
2026-07-14,24068.0,24157.099609375,24023.69921875,24052.05078125,355800,-0.006565165369047166,-0.0065868108566920726
2026-07-15,24085.849609375,24220.349609375,24010.55078125,24078.5,306900,0.0010996658451518648,0.001099061655563571
2026-07-16,24142.099609375,24186.5,24050.0,24072.75,264300,-0.00023880225097083763,-0.00023883076876853854
2026-07-17,24127.599609375,24367.30078125,24099.05078125,24334.30078125,387800,0.010865014643113069,0.010806414450711182
2026-07-20,24190.05078125,24266.099609375,24135.849609375,24238.5,353100,-0.003936861885253551,-0.003944631725234211
2026-07-21,24216.05078125,24262.19921875,24135.650390625,24187.69921875,315600,-0.002095871495760848,-0.002098070908085292
2026-07-22,24150.44921875,24166.30078125,23961.400390625,23996.25,304700,-0.0079151479856997,-0.007946639050547172
2026-07-23,23904.80078125,23990.75,23807.19921875,23869.599609375,344000,-0.0052779242850445884,-0.005291901730381726
2026-07-24,23666.349609375,23823.599609375,23606.30078125,23767.44921875,333900,-0.004279518395644999,-0.00428870174406507
2026-07-27,23928.400390625,24011.599609375,23891.55078125,23995.94921875,319400,0.009613989195766948,0.009568068885288541
2026-07-28,23971.25,24041.150390625,23954.599609375,23985.349609375,437800,-0.0004417249460887396,-0.0004418225352921867
2026-07-29,24176.650390625,24283.55078125,24136.75,24250.19921875,424200,0.011042140877174367,0.010981621540740824
2026-07-30,24249.55078125,24342.94921875,24187.099609375,24317.150390625,400600,0.0027608503860552247,0.002757046238807193
2026-07-31,24361.44921875,24429.400390625,24299.69921875,24383.599609375,411700,0.0027326071386892803,0.0027288803554812308
2026-08-03,24572.69921875,24774.30078125,24515.150390625,24774.30078125,342300,0.01602311299947612,0.015896097912767627
2026-08-04,24703.900390625,24703.900390625,24427.94921875,24614.900390625,296500,-0.006434102501316152,-0.006454890555102032
2026-08-05,24669.19921875,24677.599609375,24497.94921875,24624.650390625,355500,0.00039610154196334513,0.00039602311445705957
2026-08-06,24641.0,24677.05078125,24604.150390625,24636.0,344000,0.0004609043862535689,0.0004607982024527352
2026-08-07,24538.900390625,24630.400390625,24522.75,24570.650390625,254800,-0.0026526063230638552,-0.0026561307171494536
2026-08-10,24581.25,24620.94921875,24511.099609375,24583.80078125,269500,0.0005352072662276885,0.000535064093901079
2026-08-11,24575.099609375,24576.849609375,24429.25,24471.69921875,271800,-0.00455997685213505,-0.004570405260858804
2026-08-12,24472.44921875,24473.30078125,24265.94921875,24435.94921875,317600,-0.0014608711753293369,-0.0014619392880015388
2026-08-13,24431.599609375,24431.599609375,24311.400390625,24395.849609375,295800,-0.0016410088683697088,-0.0016423567982678559
2026-08-14,24361.900390625,24405.19921875,24296.80078125,24366.0,267700,-0.001223552770366676,-0.0012243019222044982
2026-08-17,24343.44921875,24360.099609375,24226.94921875,24287.650390625,225400,-0.003215530221415075,-0.0032207111479826242
2026-08-18,24223.849609375,24269.650390625,24154.900390625,24154.900390625,227000,-0.00546574073098649,-0.005480732544386898
2026-08-19,24152.05078125,24172.849609375,24025.650390625,24078.30078125,238700,-0.003171182995427735,-0.0031762218518000007
2026-08-20,24225.44921875,24265.150390625,24184.55078125,24231.849609375,253900,0.006377062464663963,0.006356815035648365
2026-08-21,24284.05078125,24284.05078125,24206.80078125,24252.0,259300,0.000831566345525836,0.0008312207857896257
2026-08-24,24285.05078125,24313.0,24144.30078125,24219.05078125,236300,-0.0013586186190829297,-0.001359542378144627
2026-08-25,24175.75,24334.55078125,24115.44921875,24334.55078125,239500,0.004768973030496282,0.004757637503542181
2026-08-26,24341.94921875,24378.599609375,24207.75,24207.75,244800,-0.00521073030646213,-0.005224353506780909
2026-08-27,24277.599609375,24297.44921875,24090.849609375,24090.849609375,323400,-0.00482904816122931,-0.004840745688108582
2026-08-28,24122.599609375,24188.30078125,24076.849609375,24175.650390625,296100,0.0035200411203846205,0.0035138602759443318
2026-08-31,24117.55078125,24128.69921875,23993.599609375,24080.400390625,710900,-0.003939914685270995,-0.003947696595902393
2026-09-01,24077.55078125,24143.150390625,23952.55078125,24055.80078125,334200,-0.0010215614763854353,-0.0010220836259459925
2026-09-02,23858.0,23914.44921875,23786.80078125,23914.44921875,318900,-0.005875986577431824,-0.005893318113157999
2026-09-03,23997.94921875,24025.400390625,23873.44921875,23873.44921875,239100,-0.0017144446700387839,-0.001715916012232434
2026-09-04,23910.900390625,24005.75,23895.849609375,23897.69921875,231400,0.0010157727849795517,0.0010152572368944724
2026-09-07,23883.150390625,23890.0,23737.900390625,23779.150390625,205900,-0.004960679563327464,-0.004973024577554363
2026-09-08,23743.099609375,23758.94921875,23623.099609375,23635.099609375,230100,-0.00605786072604142,-0.00607628400578716
2026-09-09,23522.05078125,23571.55078125,23431.5,23431.5,352900,-0.008614290302979777,-0.008651607765214554
2026-09-10,23446.599609375,23494.94921875,23380.099609375,23477.80078125,253200,0.0019760058574995742,0.0019740561259566094
2026-09-11,23270.30078125,23448.099609375,23231.400390625,23398.099609375,293000,-0.0033947460674703667,-0.0034005212918861516
